{"Instances":{"132":{"isStatic":"false","theFields":{},"name":"resultList","ID":"132","label":null,"isConstructed":"false","type":"java.util.ArrayList","theNameHistory":["","resultList","this"],"nameFixed":"true"},"133":{"isStatic":"false","theFields":{},"name":"reader","ID":"133","label":null,"isConstructed":"false","type":"java.io.BufferedReader","theNameHistory":["","reader","this"],"nameFixed":"true"},"134":{"isStatic":"false","theFields":{},"name":"ignoreComments","ID":"134","label":null,"isConstructed":"false","type":"boolean","theNameHistory":["","ignoreComments"],"nameFixed":"true"},"135":{"isStatic":"false","theFields":{},"name":"ignoreBlankLines","ID":"135","label":null,"isConstructed":"false","type":"boolean","theNameHistory":["","ignoreBlankLines"],"nameFixed":"true"},"137":{"isStatic":"false","theFields":{},"name":"line","ID":"137","label":null,"isConstructed":"false","type":"UnknownType","theNameHistory":["line","line","this"],"nameFixed":"true"},"139":{"isStatic":"false","theFields":{},"name":"line_1","ID":"139","label":null,"isConstructed":"false","type":"java.lang.String","theNameHistory":["line_1","this","@parameter0","this","this","this","this","this","this"],"nameFixed":"true"},"142":{"isStatic":"false","theFields":{},"name":"Unnamed 19","ID":"142","label":null,"isConstructed":"false","type":"java.lang.String","theNameHistory":["$r0_1","this"],"nameFixed":"true"}},"UniqueMsgCount":"0","Statics":{"edu.umd.cs.findbugs.config.CommandLine":{"isStatic":"true","theFields":{},"name":"Unnamed 20","ID":"110","label":"<static>:edu.umd.cs.findbugs.config.CommandLine","isConstructed":"false","type":"edu.umd.cs.findbugs.config.CommandLine","theNameHistory":["$31"],"nameFixed":"true"}},"Messages":[{"specifier":null,"finalLevel":"0","calleeID":"133","answer":null,"callLevel":"0","isSuper":"false","mnemonic":null,"callerID":"110","message":"readLine","isConstruction":"false","fullMethodName":"java.io.BufferedReader.readLine()"},{"specifier":"0","finalLevel":"0","calleeID":"137","answer":null,"callLevel":"0","isSuper":"false","mnemonic":null,"callerID":"110","message":"trim","isConstruction":"false","fullMethodName":"java.lang.String.trim()"},{"specifier":"0","finalLevel":"0","calleeID":"139","answer":null,"callLevel":"0","isSuper":"false","mnemonic":null,"callerID":"110","message":"startsWith","isConstruction":"false","fullMethodName":"java.lang.String.startsWith(java.lang.String)"},{"specifier":"0","finalLevel":"0","calleeID":"142","answer":null,"callLevel":"0","isSuper":"false","mnemonic":null,"callerID":"110","message":"equals","isConstruction":"false","fullMethodName":"java.lang.String.equals(java.lang.Object)"},{"specifier":"0","finalLevel":"0","calleeID":"139","answer":null,"callLevel":"0","isSuper":"false","mnemonic":null,"callerID":"110","message":"length","isConstruction":"false","fullMethodName":"java.lang.String.length()"},{"specifier":"0","finalLevel":"0","calleeID":"139","answer":null,"callLevel":"0","isSuper":"false","mnemonic":null,"callerID":"110","message":"charAt","isConstruction":"false","fullMethodName":"java.lang.String.charAt(int)"},{"specifier":"0","finalLevel":"0","calleeID":"139","answer":null,"callLevel":"0","isSuper":"false","mnemonic":null,"callerID":"110","message":"length","isConstruction":"false","fullMethodName":"java.lang.String.length()"},{"specifier":"0","finalLevel":"0","calleeID":"139","answer":null,"callLevel":"0","isSuper":"false","mnemonic":null,"callerID":"110","message":"charAt","isConstruction":"false","fullMethodName":"java.lang.String.charAt(int)"},{"specifier":"0","finalLevel":"0","calleeID":"139","answer":null,"callLevel":"0","isSuper":"false","mnemonic":null,"callerID":"110","message":"length","isConstruction":"false","fullMethodName":"java.lang.String.length()"},{"specifier":"0","finalLevel":"0","calleeID":"139","answer":null,"callLevel":"0","isSuper":"false","mnemonic":null,"callerID":"110","message":"substring","isConstruction":"false","fullMethodName":"java.lang.String.substring(int,int)"},{"specifier":"0","finalLevel":"0","calleeID":"132","answer":null,"callLevel":"0","isSuper":"false","mnemonic":null,"callerID":"110","message":"add","isConstruction":"false","fullMethodName":"java.util.ArrayList.add(java.lang.Object)"}],"TotalMsgsInGroup":"0","MaxDepth":"0","Priority":"0","Name":"addCommandLineO2.pdf"}