{"Instances":{"660":{"isStatic":"false","theFields":{},"name":"line_1","ID":"660","label":null,"isConstructed":"false","type":"java.lang.String","theNameHistory":["line_1","this","this"],"nameFixed":"true"},"652":{"isStatic":"false","theFields":{},"name":"resultList","ID":"652","label":null,"isConstructed":"false","type":"java.util.ArrayList","theNameHistory":["","resultList"],"nameFixed":"true"},"653":{"isStatic":"false","theFields":{},"name":"reader","ID":"653","label":null,"isConstructed":"false","type":"java.io.BufferedReader","theNameHistory":["","reader","this"],"nameFixed":"true"},"654":{"isStatic":"false","theFields":{},"name":"ignoreComments","ID":"654","label":null,"isConstructed":"false","type":"boolean","theNameHistory":["","ignoreComments"],"nameFixed":"true"},"655":{"isStatic":"false","theFields":{},"name":"ignoreBlankLines","ID":"655","label":null,"isConstructed":"false","type":"boolean","theNameHistory":["","ignoreBlankLines"],"nameFixed":"true"},"657":{"isStatic":"false","theFields":{},"name":"line","ID":"657","label":null,"isConstructed":"false","type":"UnknownType","theNameHistory":["line","line","this"],"nameFixed":"true"}},"UniqueMsgCount":"0","Statics":{"edu.umd.cs.findbugs.config.CommandLine":{"isStatic":"true","theFields":{},"name":"Unnamed 37","ID":"110","label":"<static>:edu.umd.cs.findbugs.config.CommandLine","isConstructed":"false","type":"edu.umd.cs.findbugs.config.CommandLine","theNameHistory":["$31"],"nameFixed":"true"}},"Messages":[{"specifier":null,"finalLevel":"0","calleeID":"653","answer":null,"callLevel":"0","isSuper":"false","mnemonic":null,"callerID":"110","message":"readLine","isConstruction":"false","fullMethodName":"java.io.BufferedReader.readLine()"},{"specifier":"0","finalLevel":"0","calleeID":"657","answer":null,"callLevel":"0","isSuper":"false","mnemonic":null,"callerID":"110","message":"trim","isConstruction":"false","fullMethodName":"java.lang.String.trim()"},{"specifier":"0","finalLevel":"0","calleeID":"660","answer":null,"callLevel":"0","isSuper":"false","mnemonic":null,"callerID":"110","message":"length","isConstruction":"false","fullMethodName":"java.lang.String.length()"},{"specifier":"0","finalLevel":"0","calleeID":"660","answer":null,"callLevel":"0","isSuper":"false","mnemonic":null,"callerID":"110","message":"split","isConstruction":"false","fullMethodName":"java.lang.String.split(java.lang.String)"}],"TotalMsgsInGroup":"0","MaxDepth":"0","Priority":"0","Name":"addCommandLineO30.pdf"}