{"Instances":{"621":{"isStatic":"false","theFields":{},"name":"resultList","ID":"621","label":null,"isConstructed":"false","type":"java.util.ArrayList","theNameHistory":["","resultList"],"nameFixed":"true"},"622":{"isStatic":"false","theFields":{},"name":"reader","ID":"622","label":null,"isConstructed":"false","type":"java.io.BufferedReader","theNameHistory":["","reader","this"],"nameFixed":"true"},"623":{"isStatic":"false","theFields":{},"name":"ignoreComments","ID":"623","label":null,"isConstructed":"false","type":"boolean","theNameHistory":["","ignoreComments"],"nameFixed":"true"},"624":{"isStatic":"false","theFields":{},"name":"ignoreBlankLines","ID":"624","label":null,"isConstructed":"false","type":"boolean","theNameHistory":["","ignoreBlankLines"],"nameFixed":"true"},"626":{"isStatic":"false","theFields":{},"name":"line","ID":"626","label":null,"isConstructed":"false","type":"UnknownType","theNameHistory":["line","line","this"],"nameFixed":"true"},"629":{"isStatic":"false","theFields":{},"name":"line_1","ID":"629","label":null,"isConstructed":"false","type":"java.lang.String","theNameHistory":["line_1","this","this","this"],"nameFixed":"true"}},"UniqueMsgCount":"0","Statics":{"edu.umd.cs.findbugs.config.CommandLine":{"isStatic":"true","theFields":{},"name":"Unnamed 33","ID":"110","label":"<static>:edu.umd.cs.findbugs.config.CommandLine","isConstructed":"false","type":"edu.umd.cs.findbugs.config.CommandLine","theNameHistory":["$31"],"nameFixed":"true"}},"Messages":[{"specifier":null,"finalLevel":"0","calleeID":"622","answer":null,"callLevel":"0","isSuper":"false","mnemonic":null,"callerID":"110","message":"readLine","isConstruction":"false","fullMethodName":"java.io.BufferedReader.readLine()"},{"specifier":"0","finalLevel":"0","calleeID":"626","answer":null,"callLevel":"0","isSuper":"false","mnemonic":null,"callerID":"110","message":"trim","isConstruction":"false","fullMethodName":"java.lang.String.trim()"},{"specifier":"0","finalLevel":"0","calleeID":"629","answer":null,"callLevel":"0","isSuper":"false","mnemonic":null,"callerID":"110","message":"length","isConstruction":"false","fullMethodName":"java.lang.String.length()"},{"specifier":"0","finalLevel":"0","calleeID":"629","answer":null,"callLevel":"0","isSuper":"false","mnemonic":null,"callerID":"110","message":"charAt","isConstruction":"false","fullMethodName":"java.lang.String.charAt(int)"},{"specifier":"0","finalLevel":"0","calleeID":"629","answer":null,"callLevel":"0","isSuper":"false","mnemonic":null,"callerID":"110","message":"split","isConstruction":"false","fullMethodName":"java.lang.String.split(java.lang.String)"}],"TotalMsgsInGroup":"0","MaxDepth":"0","Priority":"0","Name":"addCommandLineO28.pdf"}