{"Instances":{"486":{"isStatic":"false","theFields":{},"name":"line_1","ID":"486","label":null,"isConstructed":"false","type":"java.lang.String","theNameHistory":["line_1","this","this","this"],"nameFixed":"true"},"475":{"isStatic":"false","theFields":{},"name":"resultList","ID":"475","label":null,"isConstructed":"false","type":"java.util.ArrayList","theNameHistory":["","resultList","this"],"nameFixed":"true"},"476":{"isStatic":"false","theFields":{},"name":"reader","ID":"476","label":null,"isConstructed":"false","type":"java.io.BufferedReader","theNameHistory":["","reader","this"],"nameFixed":"true"},"477":{"isStatic":"false","theFields":{},"name":"ignoreComments","ID":"477","label":null,"isConstructed":"false","type":"boolean","theNameHistory":["","ignoreComments"],"nameFixed":"true"},"478":{"isStatic":"false","theFields":{},"name":"ignoreBlankLines","ID":"478","label":null,"isConstructed":"false","type":"boolean","theNameHistory":["","ignoreBlankLines"],"nameFixed":"true"},"480":{"isStatic":"false","theFields":{},"name":"line","ID":"480","label":null,"isConstructed":"false","type":"UnknownType","theNameHistory":["line","line","this"],"nameFixed":"true"},"483":{"isStatic":"false","theFields":{},"name":"Unnamed 21","ID":"483","label":null,"isConstructed":"false","type":"java.lang.String","theNameHistory":["$r0_1","this"],"nameFixed":"true"}},"UniqueMsgCount":"0","Statics":{"edu.umd.cs.findbugs.config.CommandLine":{"isStatic":"true","theFields":{},"name":"Unnamed 22","ID":"110","label":"<static>:edu.umd.cs.findbugs.config.CommandLine","isConstructed":"false","type":"edu.umd.cs.findbugs.config.CommandLine","theNameHistory":["$31"],"nameFixed":"true"}},"Messages":[{"specifier":null,"finalLevel":"0","calleeID":"476","answer":null,"callLevel":"0","isSuper":"false","mnemonic":null,"callerID":"110","message":"readLine","isConstruction":"false","fullMethodName":"java.io.BufferedReader.readLine()"},{"specifier":"0","finalLevel":"0","calleeID":"480","answer":null,"callLevel":"0","isSuper":"false","mnemonic":null,"callerID":"110","message":"trim","isConstruction":"false","fullMethodName":"java.lang.String.trim()"},{"specifier":"0","finalLevel":"0","calleeID":"483","answer":null,"callLevel":"0","isSuper":"false","mnemonic":null,"callerID":"110","message":"equals","isConstruction":"false","fullMethodName":"java.lang.String.equals(java.lang.Object)"},{"specifier":"0","finalLevel":"0","calleeID":"486","answer":null,"callLevel":"0","isSuper":"false","mnemonic":null,"callerID":"110","message":"length","isConstruction":"false","fullMethodName":"java.lang.String.length()"},{"specifier":"0","finalLevel":"0","calleeID":"486","answer":null,"callLevel":"0","isSuper":"false","mnemonic":null,"callerID":"110","message":"charAt","isConstruction":"false","fullMethodName":"java.lang.String.charAt(int)"},{"specifier":"0","finalLevel":"0","calleeID":"486","answer":null,"callLevel":"0","isSuper":"false","mnemonic":null,"callerID":"110","message":"split","isConstruction":"false","fullMethodName":"java.lang.String.split(java.lang.String)"},{"specifier":"0","finalLevel":"0","calleeID":"475","answer":null,"callLevel":"0","isSuper":"false","mnemonic":null,"callerID":"110","message":"add","isConstruction":"false","fullMethodName":"java.util.ArrayList.add(java.lang.Object)"}],"TotalMsgsInGroup":"0","MaxDepth":"0","Priority":"0","Name":"addCommandLineO20.pdf"}