{"Instances":{"66":{"isStatic":"false","theFields":{},"name":"Unnamed 72","ID":"66","label":null,"isConstructed":"false","type":"int","theNameHistory":["","$i1_1"],"nameFixed":"true"},"55":{"isStatic":"false","theFields":{"optionDescriptionMap":"61","optionExtraPartSynopsisMap":"60","optionList":"59","maxWidth":"67"},"name":"Unnamed 74","ID":"55","label":null,"isConstructed":"false","type":"edu.umd.cs.findbugs.config.CommandLine","theNameHistory":["$18","this","this"],"nameFixed":"true"},"67":{"isStatic":"false","theFields":{},"name":"Unnamed 73","ID":"67","label":null,"isConstructed":"false","type":"UnknownType","theNameHistory":["$18.maxWidth"],"nameFixed":"true"},"56":{"isStatic":"false","theFields":{},"name":"option","ID":"56","label":null,"isConstructed":"false","type":"java.lang.String","theNameHistory":["","option","@parameter0","@parameter0","@parameter0","this"],"nameFixed":"true"},"57":{"isStatic":"false","theFields":{},"name":"optionExtraPartSynopsis","ID":"57","label":null,"isConstructed":"false","type":"java.lang.String","theNameHistory":["","optionExtraPartSynopsis","@parameter1","this"],"nameFixed":"true"},"58":{"isStatic":"false","theFields":{},"name":"description","ID":"58","label":null,"isConstructed":"false","type":"java.lang.String","theNameHistory":["","description","@parameter1"],"nameFixed":"true"},"59":{"isStatic":"false","theFields":{},"name":"Unnamed 75","ID":"59","label":null,"isConstructed":"false","type":"java.util.List","theNameHistory":["","$r0","this"],"nameFixed":"true"},"60":{"isStatic":"false","theFields":{},"name":"Unnamed 76","ID":"60","label":null,"isConstructed":"false","type":"java.util.Map","theNameHistory":["","$r1","this"],"nameFixed":"true"},"61":{"isStatic":"false","theFields":{},"name":"Unnamed 77","ID":"61","label":null,"isConstructed":"false","type":"java.util.Map","theNameHistory":["","$r1_1","this"],"nameFixed":"true"}},"UniqueMsgCount":"0","Statics":{},"Messages":[{"specifier":null,"finalLevel":"0","calleeID":"59","answer":null,"callLevel":"0","isSuper":"false","mnemonic":null,"callerID":"55","message":"add","isConstruction":"false","fullMethodName":"java.util.List.add(java.lang.Object)"},{"specifier":"0","finalLevel":"0","calleeID":"60","answer":null,"callLevel":"0","isSuper":"false","mnemonic":null,"callerID":"55","message":"put","isConstruction":"false","fullMethodName":"java.util.Map.put(java.lang.Object,java.lang.Object)"},{"specifier":"0","finalLevel":"0","calleeID":"61","answer":null,"callLevel":"0","isSuper":"false","mnemonic":null,"callerID":"55","message":"put","isConstruction":"false","fullMethodName":"java.util.Map.put(java.lang.Object,java.lang.Object)"},{"specifier":"0","finalLevel":"0","calleeID":"56","answer":null,"callLevel":"0","isSuper":"false","mnemonic":null,"callerID":"55","message":"length","isConstruction":"false","fullMethodName":"java.lang.String.length()"},{"specifier":"0","finalLevel":"0","calleeID":"57","answer":null,"callLevel":"0","isSuper":"false","mnemonic":null,"callerID":"55","message":"length","isConstruction":"false","fullMethodName":"java.lang.String.length()"}],"TotalMsgsInGroup":"0","MaxDepth":"0","Priority":"0","Name":"addSwitchWithOp0.pdf"}