{"Instances":{"105":{"isStatic":"false","theFields":{"unlistedOptions":"107"},"name":"Unnamed 93","ID":"105","label":null,"isConstructed":"false","type":"edu.umd.cs.findbugs.config.CommandLine","theNameHistory":["$28","this","this"],"nameFixed":"true"},"106":{"isStatic":"false","theFields":{},"name":"option","ID":"106","label":null,"isConstructed":"false","type":"java.lang.String","theNameHistory":["","option","@parameter0"],"nameFixed":"true"},"107":{"isStatic":"false","theFields":{},"name":"Unnamed 94","ID":"107","label":null,"isConstructed":"false","type":"java.util.Set","theNameHistory":["","$r0","this"],"nameFixed":"true"}},"UniqueMsgCount":"0","Statics":{},"Messages":[{"specifier":null,"finalLevel":"0","calleeID":"107","answer":null,"callLevel":"0","isSuper":"false","mnemonic":null,"callerID":"105","message":"add","isConstruction":"false","fullMethodName":"java.util.Set.add(java.lang.Object)"}],"TotalMsgsInGroup":"0","MaxDepth":"0","Priority":"0","Name":"makeOptionUnlis0.pdf"}