{"Instances":{"860":{"isStatic":"false","theFields":{},"name":"out","ID":"860","label":null,"isConstructed":"false","type":"java.io.PrintStream","theNameHistory":["out","this","this","this","this"],"nameFixed":"true"},"872":{"isStatic":"false","theFields":{},"name":"Unnamed 147","ID":"872","label":null,"isConstructed":"false","type":"int","theNameHistory":["","$i0"],"nameFixed":"true"},"840":{"isStatic":"false","theFields":{},"name":"Unnamed 148","ID":"840","label":null,"isConstructed":"false","type":"java.util.List","theNameHistory":["","$r0","this"],"nameFixed":"true"},"851":{"isStatic":"false","theFields":{},"name":"Unnamed 151","ID":"851","label":null,"isConstructed":"true","type":"java.lang.StringBuilder","theNameHistory":["","$r4","this","this"],"nameFixed":"true"},"862":{"isStatic":"false","theFields":{},"name":"Unnamed 154","ID":"862","label":null,"isConstructed":"false","type":"java.util.Set","theNameHistory":["","$r10","this"],"nameFixed":"true"},"874":{"isStatic":"false","theFields":{},"name":"Unnamed 149","ID":"874","label":null,"isConstructed":"false","type":"java.util.Map","theNameHistory":["","$r12_1","this"],"nameFixed":"true"},"864":{"isStatic":"false","theFields":{},"name":"buf","ID":"864","label":null,"isConstructed":"true","type":"java.lang.StringBuilder","theNameHistory":["","$r11","this","buf","this","this"],"nameFixed":"true"},"865":{"isStatic":"false","theFields":{},"name":"Unnamed 144","ID":"865","label":null,"isConstructed":"false","type":"java.util.Map","theNameHistory":["","$r2_1","this"],"nameFixed":"true"},"843":{"isStatic":"false","theFields":{},"name":"i$","ID":"843","label":null,"isConstructed":"false","type":"java.util.Iterator","theNameHistory":["i$","this","this"],"nameFixed":"true"},"679":{"isStatic":"false","theFields":{"optionDescriptionMap":"874","requiresArgumentSet":"869","unlistedOptions":"862","optionExtraPartSynopsisMap":"865","optionList":"840","optionGroups":"847","maxWidth":"872"},"name":"Unnamed 146","ID":"679","label":null,"isConstructed":"false","type":"edu.umd.cs.findbugs.config.CommandLine","theNameHistory":["$193","this","this"],"nameFixed":"true"},"856":{"isStatic":"false","theFields":{},"name":"Unnamed 152","ID":"856","label":null,"isConstructed":"false","type":"java.lang.StringBuilder","theNameHistory":["$r4_1","this"],"nameFixed":"true"},"869":{"isStatic":"false","theFields":{},"name":"Unnamed 145","ID":"869","label":null,"isConstructed":"false","type":"java.util.Set","theNameHistory":["","$r10_1","this"],"nameFixed":"true"},"847":{"isStatic":"false","theFields":{},"name":"Unnamed 150","ID":"847","label":null,"isConstructed":"false","type":"java.util.Map","theNameHistory":["","$r2","this","$r5","this"],"nameFixed":"true"},"858":{"isStatic":"false","theFields":{},"name":"Unnamed 153","ID":"858","label":null,"isConstructed":"false","type":"java.lang.StringBuilder","theNameHistory":["$r4_2","this"],"nameFixed":"true"},"837":{"isStatic":"false","theFields":{},"name":"os","ID":"837","label":null,"isConstructed":"false","type":"java.io.OutputStream","theNameHistory":["","os","this"],"nameFixed":"true"}},"UniqueMsgCount":"0","Statics":{"java.lang.Integer":{"isStatic":"true","theFields":{},"name":"Unnamed 155","ID":"848","label":"<static>:java.lang.Integer","isConstructed":"false","type":"java.lang.Integer","theNameHistory":["$237"],"nameFixed":"true"}},"Messages":[{"specifier":null,"finalLevel":"0","calleeID":"837","answer":null,"callLevel":"0","isSuper":"false","mnemonic":null,"callerID":"679","message":"printStream","isConstruction":"false","fullMethodName":"edu.umd.cs.findbugs.charsets.UTF8.printStream(java.io.OutputStream)"},{"specifier":"0","finalLevel":"0","calleeID":"840","answer":null,"callLevel":"0","isSuper":"false","mnemonic":null,"callerID":"679","message":"iterator","isConstruction":"false","fullMethodName":"java.util.List.iterator()"},{"specifier":"0","finalLevel":"0","calleeID":"843","answer":null,"callLevel":"0","isSuper":"false","mnemonic":null,"callerID":"679","message":"hasNext","isConstruction":"false","fullMethodName":"java.util.Iterator.hasNext()"},{"specifier":"0","finalLevel":"0","calleeID":"843","answer":null,"callLevel":"0","isSuper":"false","mnemonic":null,"callerID":"679","message":"next","isConstruction":"false","fullMethodName":"java.util.Iterator.next()"},{"specifier":"0","finalLevel":"0","calleeID":"848","answer":null,"callLevel":"0","isSuper":"false","mnemonic":null,"callerID":"679","message":"valueOf","isConstruction":"false","fullMethodName":"java.lang.Integer.valueOf(int)"},{"specifier":"0","finalLevel":"0","calleeID":"847","answer":null,"callLevel":"0","isSuper":"false","mnemonic":null,"callerID":"679","message":"containsKey","isConstruction":"false","fullMethodName":"java.util.Map.containsKey(java.lang.Object)"},{"specifier":"0","finalLevel":"0","calleeID":"851","answer":null,"callLevel":"0","isSuper":"false","mnemonic":null,"callerID":"679","message":"new","isConstruction":"true","fullMethodName":"java.lang.StringBuilder.<init>()"},{"specifier":"0","finalLevel":"0","calleeID":"851","answer":null,"callLevel":"0","isSuper":"false","mnemonic":null,"callerID":"679","message":"append","isConstruction":"false","fullMethodName":"java.lang.StringBuilder.append(java.lang.String)"},{"specifier":"0","finalLevel":"0","calleeID":"848","answer":null,"callLevel":"0","isSuper":"false","mnemonic":null,"callerID":"679","message":"valueOf","isConstruction":"false","fullMethodName":"java.lang.Integer.valueOf(int)"},{"specifier":"0","finalLevel":"0","calleeID":"847","answer":null,"callLevel":"0","isSuper":"false","mnemonic":null,"callerID":"679","message":"get","isConstruction":"false","fullMethodName":"java.util.Map.get(java.lang.Object)"},{"specifier":"0","finalLevel":"0","calleeID":"856","answer":null,"callLevel":"0","isSuper":"false","mnemonic":null,"callerID":"679","message":"append","isConstruction":"false","fullMethodName":"java.lang.StringBuilder.append(java.lang.String)"},{"specifier":"0","finalLevel":"0","calleeID":"858","answer":null,"callLevel":"0","isSuper":"false","mnemonic":null,"callerID":"679","message":"toString","isConstruction":"false","fullMethodName":"java.lang.StringBuilder.toString()"},{"specifier":"0","finalLevel":"0","calleeID":"860","answer":null,"callLevel":"0","isSuper":"false","mnemonic":null,"callerID":"679","message":"println","isConstruction":"false","fullMethodName":"java.io.PrintStream.println(java.lang.String)"},{"specifier":"0","finalLevel":"0","calleeID":"862","answer":null,"callLevel":"0","isSuper":"false","mnemonic":null,"callerID":"679","message":"contains","isConstruction":"false","fullMethodName":"java.util.Set.contains(java.lang.Object)"},{"specifier":"0","finalLevel":"0","calleeID":"860","answer":null,"callLevel":"0","isSuper":"false","mnemonic":null,"callerID":"679","message":"print","isConstruction":"false","fullMethodName":"java.io.PrintStream.print(java.lang.String)"},{"specifier":"0","finalLevel":"0","calleeID":"864","answer":null,"callLevel":"0","isSuper":"false","mnemonic":null,"callerID":"679","message":"new","isConstruction":"true","fullMethodName":"java.lang.StringBuilder.<init>()"},{"specifier":"0","finalLevel":"0","calleeID":"864","answer":null,"callLevel":"0","isSuper":"false","mnemonic":null,"callerID":"679","message":"append","isConstruction":"false","fullMethodName":"java.lang.StringBuilder.append(java.lang.String)"},{"specifier":"0","finalLevel":"0","calleeID":"865","answer":null,"callLevel":"0","isSuper":"false","mnemonic":null,"callerID":"679","message":"get","isConstruction":"false","fullMethodName":"java.util.Map.get(java.lang.Object)"},{"specifier":"0","finalLevel":"0","calleeID":"869","answer":null,"callLevel":"0","isSuper":"false","mnemonic":null,"callerID":"679","message":"contains","isConstruction":"false","fullMethodName":"java.util.Set.contains(java.lang.Object)"},{"specifier":"0","finalLevel":"0","calleeID":"864","answer":null,"callLevel":"0","isSuper":"false","mnemonic":null,"callerID":"679","message":"toString","isConstruction":"false","fullMethodName":"java.lang.StringBuilder.toString()"},{"specifier":"0","finalLevel":"0","calleeID":"860","answer":null,"callLevel":"0","isSuper":"false","mnemonic":null,"callerID":"679","message":"printField","isConstruction":"false","fullMethodName":"edu.umd.cs.findbugs.config.CommandLine.printField(java.io.PrintStream,java.lang.String,int)"},{"specifier":"0","finalLevel":"0","calleeID":"874","answer":null,"callLevel":"0","isSuper":"false","mnemonic":null,"callerID":"679","message":"get","isConstruction":"false","fullMethodName":"java.util.Map.get(java.lang.Object)"},{"specifier":"0","finalLevel":"0","calleeID":"860","answer":null,"callLevel":"0","isSuper":"false","mnemonic":null,"callerID":"679","message":"println","isConstruction":"false","fullMethodName":"java.io.PrintStream.println(java.lang.String)"}],"TotalMsgsInGroup":"0","MaxDepth":"0","Priority":"0","Name":"printUsage4.pdf"}