{"Instances":{"111":{"isStatic":"false","theFields":{},"name":"resultList","ID":"111","label":null,"isConstructed":"false","type":"java.util.ArrayList","theNameHistory":["","resultList"],"nameFixed":"true"},"112":{"isStatic":"false","theFields":{},"name":"reader","ID":"112","label":null,"isConstructed":"false","type":"java.io.BufferedReader","theNameHistory":["","reader","this"],"nameFixed":"true"},"113":{"isStatic":"false","theFields":{},"name":"ignoreComments","ID":"113","label":null,"isConstructed":"false","type":"boolean","theNameHistory":["","ignoreComments"],"nameFixed":"true"},"114":{"isStatic":"false","theFields":{},"name":"ignoreBlankLines","ID":"114","label":null,"isConstructed":"false","type":"boolean","theNameHistory":["","ignoreBlankLines"],"nameFixed":"true"},"116":{"isStatic":"false","theFields":{},"name":"line","ID":"116","label":null,"isConstructed":"false","type":"UnknownType","theNameHistory":["line","line","this"],"nameFixed":"true"},"118":{"isStatic":"false","theFields":{},"name":"line_1","ID":"118","label":null,"isConstructed":"false","type":"java.lang.String","theNameHistory":["line_1","this"],"nameFixed":"true"}},"UniqueMsgCount":"0","Statics":{"edu.umd.cs.findbugs.config.CommandLine":{"isStatic":"true","theFields":{},"name":"Unnamed 2","ID":"110","label":"<static>:edu.umd.cs.findbugs.config.CommandLine","isConstructed":"false","type":"edu.umd.cs.findbugs.config.CommandLine","theNameHistory":["$31"],"nameFixed":"true"}},"Messages":[{"specifier":null,"finalLevel":"0","calleeID":"112","answer":null,"callLevel":"0","isSuper":"false","mnemonic":null,"callerID":"110","message":"readLine","isConstruction":"false","fullMethodName":"java.io.BufferedReader.readLine()"},{"specifier":"0","finalLevel":"0","calleeID":"116","answer":null,"callLevel":"0","isSuper":"false","mnemonic":null,"callerID":"110","message":"trim","isConstruction":"false","fullMethodName":"java.lang.String.trim()"},{"specifier":"0","finalLevel":"0","calleeID":"118","answer":null,"callLevel":"0","isSuper":"false","mnemonic":null,"callerID":"110","message":"startsWith","isConstruction":"false","fullMethodName":"java.lang.String.startsWith(java.lang.String)"}],"TotalMsgsInGroup":"0","MaxDepth":"0","Priority":"0","Name":"addCommandLineO0.pdf"}