{"Instances":{"960":{"isStatic":"false","theFields":{},"name":"Unnamed 171","ID":"960","label":null,"isConstructed":"false","type":"java.util.Map","theNameHistory":["","$r12_1","this"],"nameFixed":"true"},"940":{"isStatic":"false","theFields":{},"name":"Unnamed 177","ID":"940","label":null,"isConstructed":"false","type":"java.util.Map","theNameHistory":["","$r2","this"],"nameFixed":"true"},"930":{"isStatic":"false","theFields":{},"name":"os","ID":"930","label":null,"isConstructed":"false","type":"java.io.OutputStream","theNameHistory":["","os","this"],"nameFixed":"true"},"679":{"isStatic":"false","theFields":{"optionDescriptionMap":"960","requiresArgumentSet":"955","unlistedOptions":"945","optionExtraPartSynopsisMap":"949","optionList":"933","optionGroups":"940","maxWidth":"958"},"name":"Unnamed 175","ID":"679","label":null,"isConstructed":"false","type":"edu.umd.cs.findbugs.config.CommandLine","theNameHistory":["$193","this","this"],"nameFixed":"true"},"933":{"isStatic":"false","theFields":{},"name":"Unnamed 173","ID":"933","label":null,"isConstructed":"false","type":"java.util.List","theNameHistory":["","$r0","this"],"nameFixed":"true"},"955":{"isStatic":"false","theFields":{},"name":"Unnamed 176","ID":"955","label":null,"isConstructed":"false","type":"java.util.Set","theNameHistory":["","$r10_1","this"],"nameFixed":"true"},"945":{"isStatic":"false","theFields":{},"name":"Unnamed 172","ID":"945","label":null,"isConstructed":"false","type":"java.util.Set","theNameHistory":["","$r10","this"],"nameFixed":"true"},"947":{"isStatic":"false","theFields":{},"name":"out","ID":"947","label":null,"isConstructed":"false","type":"java.io.PrintStream","theNameHistory":["out","this","this","this"],"nameFixed":"true"},"936":{"isStatic":"false","theFields":{},"name":"i$","ID":"936","label":null,"isConstructed":"false","type":"java.util.Iterator","theNameHistory":["i$","this","this"],"nameFixed":"true"},"958":{"isStatic":"false","theFields":{},"name":"Unnamed 178","ID":"958","label":null,"isConstructed":"false","type":"int","theNameHistory":["","$i0"],"nameFixed":"true"},"948":{"isStatic":"false","theFields":{},"name":"buf","ID":"948","label":null,"isConstructed":"true","type":"java.lang.StringBuilder","theNameHistory":["","$r11","this","buf","this","this","this","this","this"],"nameFixed":"true"},"949":{"isStatic":"false","theFields":{},"name":"Unnamed 174","ID":"949","label":null,"isConstructed":"false","type":"java.util.Map","theNameHistory":["","$r2_1","this","$r2_2","this"],"nameFixed":"true"}},"UniqueMsgCount":"0","Statics":{"java.lang.Integer":{"isStatic":"true","theFields":{},"name":"Unnamed 179","ID":"941","label":"<static>:java.lang.Integer","isConstructed":"false","type":"java.lang.Integer","theNameHistory":["$263"],"nameFixed":"true"}},"Messages":[{"specifier":null,"finalLevel":"0","calleeID":"930","answer":null,"callLevel":"0","isSuper":"false","mnemonic":null,"callerID":"679","message":"printStream","isConstruction":"false","fullMethodName":"edu.umd.cs.findbugs.charsets.UTF8.printStream(java.io.OutputStream)"},{"specifier":"0","finalLevel":"0","calleeID":"933","answer":null,"callLevel":"0","isSuper":"false","mnemonic":null,"callerID":"679","message":"iterator","isConstruction":"false","fullMethodName":"java.util.List.iterator()"},{"specifier":"0","finalLevel":"0","calleeID":"936","answer":null,"callLevel":"0","isSuper":"false","mnemonic":null,"callerID":"679","message":"hasNext","isConstruction":"false","fullMethodName":"java.util.Iterator.hasNext()"},{"specifier":"0","finalLevel":"0","calleeID":"936","answer":null,"callLevel":"0","isSuper":"false","mnemonic":null,"callerID":"679","message":"next","isConstruction":"false","fullMethodName":"java.util.Iterator.next()"},{"specifier":"0","finalLevel":"0","calleeID":"941","answer":null,"callLevel":"0","isSuper":"false","mnemonic":null,"callerID":"679","message":"valueOf","isConstruction":"false","fullMethodName":"java.lang.Integer.valueOf(int)"},{"specifier":"0","finalLevel":"0","calleeID":"940","answer":null,"callLevel":"0","isSuper":"false","mnemonic":null,"callerID":"679","message":"containsKey","isConstruction":"false","fullMethodName":"java.util.Map.containsKey(java.lang.Object)"},{"specifier":"0","finalLevel":"0","calleeID":"945","answer":null,"callLevel":"0","isSuper":"false","mnemonic":null,"callerID":"679","message":"contains","isConstruction":"false","fullMethodName":"java.util.Set.contains(java.lang.Object)"},{"specifier":"0","finalLevel":"0","calleeID":"947","answer":null,"callLevel":"0","isSuper":"false","mnemonic":null,"callerID":"679","message":"print","isConstruction":"false","fullMethodName":"java.io.PrintStream.print(java.lang.String)"},{"specifier":"0","finalLevel":"0","calleeID":"948","answer":null,"callLevel":"0","isSuper":"false","mnemonic":null,"callerID":"679","message":"new","isConstruction":"true","fullMethodName":"java.lang.StringBuilder.<init>()"},{"specifier":"0","finalLevel":"0","calleeID":"948","answer":null,"callLevel":"0","isSuper":"false","mnemonic":null,"callerID":"679","message":"append","isConstruction":"false","fullMethodName":"java.lang.StringBuilder.append(java.lang.String)"},{"specifier":"0","finalLevel":"0","calleeID":"949","answer":null,"callLevel":"0","isSuper":"false","mnemonic":null,"callerID":"679","message":"get","isConstruction":"false","fullMethodName":"java.util.Map.get(java.lang.Object)"},{"specifier":"0","finalLevel":"0","calleeID":"949","answer":null,"callLevel":"0","isSuper":"false","mnemonic":null,"callerID":"679","message":"get","isConstruction":"false","fullMethodName":"java.util.Map.get(java.lang.Object)"},{"specifier":"0","finalLevel":"0","calleeID":"948","answer":null,"callLevel":"0","isSuper":"false","mnemonic":null,"callerID":"679","message":"append","isConstruction":"false","fullMethodName":"java.lang.StringBuilder.append(java.lang.String)"},{"specifier":"0","finalLevel":"0","calleeID":"948","answer":null,"callLevel":"0","isSuper":"false","mnemonic":null,"callerID":"679","message":"append","isConstruction":"false","fullMethodName":"java.lang.StringBuilder.append(java.lang.String)"},{"specifier":"0","finalLevel":"0","calleeID":"948","answer":null,"callLevel":"0","isSuper":"false","mnemonic":null,"callerID":"679","message":"append","isConstruction":"false","fullMethodName":"java.lang.StringBuilder.append(java.lang.String)"},{"specifier":"0","finalLevel":"0","calleeID":"955","answer":null,"callLevel":"0","isSuper":"false","mnemonic":null,"callerID":"679","message":"contains","isConstruction":"false","fullMethodName":"java.util.Set.contains(java.lang.Object)"},{"specifier":"0","finalLevel":"0","calleeID":"948","answer":null,"callLevel":"0","isSuper":"false","mnemonic":null,"callerID":"679","message":"toString","isConstruction":"false","fullMethodName":"java.lang.StringBuilder.toString()"},{"specifier":"0","finalLevel":"0","calleeID":"947","answer":null,"callLevel":"0","isSuper":"false","mnemonic":null,"callerID":"679","message":"printField","isConstruction":"false","fullMethodName":"edu.umd.cs.findbugs.config.CommandLine.printField(java.io.PrintStream,java.lang.String,int)"},{"specifier":"0","finalLevel":"0","calleeID":"960","answer":null,"callLevel":"0","isSuper":"false","mnemonic":null,"callerID":"679","message":"get","isConstruction":"false","fullMethodName":"java.util.Map.get(java.lang.Object)"},{"specifier":"0","finalLevel":"0","calleeID":"947","answer":null,"callLevel":"0","isSuper":"false","mnemonic":null,"callerID":"679","message":"println","isConstruction":"false","fullMethodName":"java.io.PrintStream.println(java.lang.String)"}],"TotalMsgsInGroup":"0","MaxDepth":"0","Priority":"0","Name":"printUsage7.pdf"}