{"Instances":{"22":{"isStatic":"false","theFields":{"optionDescriptionMap":"27","requiresArgumentSet":"26","unlistedOptions":"23","optionExtraPartSynopsisMap":"28","optionList":"24","optionGroups":"25","argumentDescriptionMap":"29","maxWidth":"30"},"name":"Unnamed 83","ID":"22","label":null,"isConstructed":"false","type":"edu.umd.cs.findbugs.config.CommandLine","theNameHistory":["$11","this","this","this"],"nameFixed":"true"},"23":{"isStatic":"false","theFields":{},"name":"Unnamed 84","ID":"23","label":null,"isConstructed":"true","type":"java.util.HashSet","theNameHistory":["","$r0","this"],"nameFixed":"true"},"24":{"isStatic":"false","theFields":{},"name":"Unnamed 85","ID":"24","label":null,"isConstructed":"true","type":"java.util.LinkedList","theNameHistory":["","$r1","this"],"nameFixed":"true"},"25":{"isStatic":"false","theFields":{},"name":"Unnamed 86","ID":"25","label":null,"isConstructed":"true","type":"java.util.HashMap","theNameHistory":["","$r2","this"],"nameFixed":"true"},"26":{"isStatic":"false","theFields":{},"name":"Unnamed 87","ID":"26","label":null,"isConstructed":"true","type":"java.util.HashSet","theNameHistory":["","$r0_1","this"],"nameFixed":"true"},"27":{"isStatic":"false","theFields":{},"name":"Unnamed 88","ID":"27","label":null,"isConstructed":"true","type":"java.util.HashMap","theNameHistory":["","$r2_1","this"],"nameFixed":"true"},"28":{"isStatic":"false","theFields":{},"name":"Unnamed 89","ID":"28","label":null,"isConstructed":"true","type":"java.util.HashMap","theNameHistory":["","$r2_2","this"],"nameFixed":"true"},"29":{"isStatic":"false","theFields":{},"name":"Unnamed 90","ID":"29","label":null,"isConstructed":"true","type":"java.util.HashMap","theNameHistory":["","$r2_3","this"],"nameFixed":"true"}},"UniqueMsgCount":"0","Statics":{},"Messages":[{"specifier":null,"finalLevel":"0","calleeID":"22","answer":null,"callLevel":"0","isSuper":"false","mnemonic":null,"callerID":"22","message":"super","isConstruction":"false","fullMethodName":"java.lang.Object.<init>()"},{"specifier":"1","finalLevel":"1","calleeID":"23","answer":null,"callLevel":"0","isSuper":"false","mnemonic":null,"callerID":"22","message":"new","isConstruction":"true","fullMethodName":"java.util.HashSet.<init>()"},{"specifier":"0","finalLevel":"0","calleeID":"24","answer":null,"callLevel":"0","isSuper":"false","mnemonic":null,"callerID":"22","message":"new","isConstruction":"true","fullMethodName":"java.util.LinkedList.<init>()"},{"specifier":"0","finalLevel":"0","calleeID":"25","answer":null,"callLevel":"0","isSuper":"false","mnemonic":null,"callerID":"22","message":"new","isConstruction":"true","fullMethodName":"java.util.HashMap.<init>()"},{"specifier":"0","finalLevel":"0","calleeID":"26","answer":null,"callLevel":"0","isSuper":"false","mnemonic":null,"callerID":"22","message":"new","isConstruction":"true","fullMethodName":"java.util.HashSet.<init>()"},{"specifier":"0","finalLevel":"0","calleeID":"27","answer":null,"callLevel":"0","isSuper":"false","mnemonic":null,"callerID":"22","message":"new","isConstruction":"true","fullMethodName":"java.util.HashMap.<init>()"},{"specifier":"0","finalLevel":"0","calleeID":"28","answer":null,"callLevel":"0","isSuper":"false","mnemonic":null,"callerID":"22","message":"new","isConstruction":"true","fullMethodName":"java.util.HashMap.<init>()"},{"specifier":"0","finalLevel":"0","calleeID":"29","answer":null,"callLevel":"0","isSuper":"false","mnemonic":null,"callerID":"22","message":"new","isConstruction":"true","fullMethodName":"java.util.HashMap.<init>()"}],"TotalMsgsInGroup":"0","MaxDepth":"0","Priority":"0","Name":"init0.pdf"}