{"Instances":{"187":{"isStatic":"false","theFields":{},"name":"Unnamed 39","ID":"187","label":null,"isConstructed":"false","type":"java.lang.String","theNameHistory":["$r0_1","this"],"nameFixed":"true"},"177":{"isStatic":"false","theFields":{},"name":"resultList","ID":"177","label":null,"isConstructed":"false","type":"java.util.ArrayList","theNameHistory":["","resultList"],"nameFixed":"true"},"178":{"isStatic":"false","theFields":{},"name":"reader","ID":"178","label":null,"isConstructed":"false","type":"java.io.BufferedReader","theNameHistory":["","reader","this"],"nameFixed":"true"},"179":{"isStatic":"false","theFields":{},"name":"ignoreComments","ID":"179","label":null,"isConstructed":"false","type":"boolean","theNameHistory":["","ignoreComments"],"nameFixed":"true"},"180":{"isStatic":"false","theFields":{},"name":"ignoreBlankLines","ID":"180","label":null,"isConstructed":"false","type":"boolean","theNameHistory":["","ignoreBlankLines"],"nameFixed":"true"},"182":{"isStatic":"false","theFields":{},"name":"line","ID":"182","label":null,"isConstructed":"false","type":"UnknownType","theNameHistory":["line","line","this"],"nameFixed":"true"},"184":{"isStatic":"false","theFields":{},"name":"line_1","ID":"184","label":null,"isConstructed":"false","type":"java.lang.String","theNameHistory":["line_1","this","@parameter0","this","this","this","this","this"],"nameFixed":"true"}},"UniqueMsgCount":"0","Statics":{"edu.umd.cs.findbugs.config.CommandLine":{"isStatic":"true","theFields":{},"name":"Unnamed 40","ID":"110","label":"<static>:edu.umd.cs.findbugs.config.CommandLine","isConstructed":"false","type":"edu.umd.cs.findbugs.config.CommandLine","theNameHistory":["$31"],"nameFixed":"true"}},"Messages":[{"specifier":null,"finalLevel":"0","calleeID":"178","answer":null,"callLevel":"0","isSuper":"false","mnemonic":null,"callerID":"110","message":"readLine","isConstruction":"false","fullMethodName":"java.io.BufferedReader.readLine()"},{"specifier":"0","finalLevel":"0","calleeID":"182","answer":null,"callLevel":"0","isSuper":"false","mnemonic":null,"callerID":"110","message":"trim","isConstruction":"false","fullMethodName":"java.lang.String.trim()"},{"specifier":"0","finalLevel":"0","calleeID":"184","answer":null,"callLevel":"0","isSuper":"false","mnemonic":null,"callerID":"110","message":"startsWith","isConstruction":"false","fullMethodName":"java.lang.String.startsWith(java.lang.String)"},{"specifier":"0","finalLevel":"0","calleeID":"187","answer":null,"callLevel":"0","isSuper":"false","mnemonic":null,"callerID":"110","message":"equals","isConstruction":"false","fullMethodName":"java.lang.String.equals(java.lang.Object)"},{"specifier":"0","finalLevel":"0","calleeID":"184","answer":null,"callLevel":"0","isSuper":"false","mnemonic":null,"callerID":"110","message":"length","isConstruction":"false","fullMethodName":"java.lang.String.length()"},{"specifier":"0","finalLevel":"0","calleeID":"184","answer":null,"callLevel":"0","isSuper":"false","mnemonic":null,"callerID":"110","message":"charAt","isConstruction":"false","fullMethodName":"java.lang.String.charAt(int)"},{"specifier":"0","finalLevel":"0","calleeID":"184","answer":null,"callLevel":"0","isSuper":"false","mnemonic":null,"callerID":"110","message":"length","isConstruction":"false","fullMethodName":"java.lang.String.length()"},{"specifier":"0","finalLevel":"0","calleeID":"184","answer":null,"callLevel":"0","isSuper":"false","mnemonic":null,"callerID":"110","message":"charAt","isConstruction":"false","fullMethodName":"java.lang.String.charAt(int)"},{"specifier":"0","finalLevel":"0","calleeID":"184","answer":null,"callLevel":"0","isSuper":"false","mnemonic":null,"callerID":"110","message":"split","isConstruction":"false","fullMethodName":"java.lang.String.split(java.lang.String)"}],"TotalMsgsInGroup":"0","MaxDepth":"0","Priority":"0","Name":"addCommandLineO4.pdf"}