{"Instances":{"125736":{"isStatic":"false","theFields":{},"name":"Unnamed 206","ID":"125736","label":null,"isConstructed":"true","type":"java.lang.StringBuilder","theNameHistory":["","$r0","this","this"],"nameFixed":"true"},"125745":{"isStatic":"false","theFields":{},"name":"Unnamed 203","ID":"125745","label":null,"isConstructed":"false","type":"UnknownType","theNameHistory":["$42976.USAGE"],"nameFixed":"true"},"125746":{"isStatic":"false","theFields":{"docking":"125749","fontSizeSpecified":"125748","fontSize":"125747","priority":"125750"},"name":"Unnamed 204","ID":"125746","label":null,"isConstructed":"true","type":"edu.umd.cs.findbugs.gui2.GUI2CommandLine","theNameHistory":["","$r4","this","this","this"],"nameFixed":"true"},"125735":{"isStatic":"false","theFields":{},"name":"Unnamed 205","ID":"125735","label":null,"isConstructed":"false","type":"UnknownType","theNameHistory":["","$l0"],"nameFixed":"true"},"125743":{"isStatic":"false","theFields":{},"name":"Unnamed 209","ID":"125743","label":null,"isConstructed":"false","type":"java.lang.StringBuilder","theNameHistory":["$r0_2","this"],"nameFixed":"true"},"125741":{"isStatic":"false","theFields":{},"name":"Unnamed 208","ID":"125741","label":null,"isConstructed":"false","type":"java.lang.StringBuilder","theNameHistory":["$r0_1","this"],"nameFixed":"true"},"125738":{"isStatic":"false","theFields":{},"name":"Unnamed 207","ID":"125738","label":null,"isConstructed":"false","type":"java.lang.Class","theNameHistory":["$r1","this"],"nameFixed":"true"}},"UniqueMsgCount":"0","Statics":{"edu.umd.cs.findbugs.gui2.Driver":{"isStatic":"true","theFields":{"START_TIME":"125735","USAGE":"125745","commandLine":"125746"},"name":"Unnamed 210","ID":"125733","label":"<static>:edu.umd.cs.findbugs.gui2.Driver","isConstructed":"false","type":"edu.umd.cs.findbugs.gui2.Driver","theNameHistory":["$42976"],"nameFixed":"true"},"edu.umd.cs.findbugs.StartTime":{"isStatic":"true","theFields":{"START_TIME":"125735"},"name":"Unnamed 211","ID":"125734","label":"<static>:edu.umd.cs.findbugs.StartTime","isConstructed":"false","type":"edu.umd.cs.findbugs.StartTime","theNameHistory":["$42977"],"nameFixed":"true"}},"Messages":[{"specifier":null,"finalLevel":"0","calleeID":"125736","answer":null,"callLevel":"0","isSuper":"false","mnemonic":null,"callerID":"125733","message":"new","isConstruction":"true","fullMethodName":"java.lang.StringBuilder.<init>()"},{"specifier":"0","finalLevel":"0","calleeID":"125738","answer":null,"callLevel":"0","isSuper":"false","mnemonic":null,"callerID":"125733","message":"getName","isConstruction":"false","fullMethodName":"java.lang.Class.getName()"},{"specifier":"0","finalLevel":"0","calleeID":"125736","answer":null,"callLevel":"0","isSuper":"false","mnemonic":null,"callerID":"125733","message":"append","isConstruction":"false","fullMethodName":"java.lang.StringBuilder.append(java.lang.String)"},{"specifier":"0","finalLevel":"0","calleeID":"125741","answer":null,"callLevel":"0","isSuper":"false","mnemonic":null,"callerID":"125733","message":"append","isConstruction":"false","fullMethodName":"java.lang.StringBuilder.append(java.lang.String)"},{"specifier":"0","finalLevel":"0","calleeID":"125743","answer":null,"callLevel":"0","isSuper":"false","mnemonic":null,"callerID":"125733","message":"toString","isConstruction":"false","fullMethodName":"java.lang.StringBuilder.toString()"},{"specifier":"0","finalLevel":"0","calleeID":"125746","answer":null,"callLevel":"0","isSuper":"false","mnemonic":null,"callerID":"125733","message":"new","isConstruction":"true","fullMethodName":"edu.umd.cs.findbugs.gui2.GUI2CommandLine.<init>()"},{"specifier":"0","finalLevel":"0","calleeID":"125746","answer":null,"callLevel":"1","isSuper":"false","mnemonic":null,"callerID":"125746","message":"super","isConstruction":"false","fullMethodName":"edu.umd.cs.findbugs.FindBugsCommandLine.<init>(boolean)"}],"TotalMsgsInGroup":"0","MaxDepth":"1","Priority":"0","Name":"clinit0.pdf"}