{"Instances":{"521":{"isStatic":"false","theFields":{},"name":"Unnamed 25","ID":"521","label":null,"isConstructed":"false","type":"java.lang.String","theNameHistory":["$r0_1","this"],"nameFixed":"true"},"513":{"isStatic":"false","theFields":{},"name":"resultList","ID":"513","label":null,"isConstructed":"false","type":"java.util.ArrayList","theNameHistory":["","resultList","this"],"nameFixed":"true"},"524":{"isStatic":"false","theFields":{},"name":"line_1","ID":"524","label":null,"isConstructed":"false","type":"java.lang.String","theNameHistory":["line_1","this","this"],"nameFixed":"true"},"514":{"isStatic":"false","theFields":{},"name":"reader","ID":"514","label":null,"isConstructed":"false","type":"java.io.BufferedReader","theNameHistory":["","reader","this"],"nameFixed":"true"},"515":{"isStatic":"false","theFields":{},"name":"ignoreComments","ID":"515","label":null,"isConstructed":"false","type":"boolean","theNameHistory":["","ignoreComments"],"nameFixed":"true"},"516":{"isStatic":"false","theFields":{},"name":"ignoreBlankLines","ID":"516","label":null,"isConstructed":"false","type":"boolean","theNameHistory":["","ignoreBlankLines"],"nameFixed":"true"},"518":{"isStatic":"false","theFields":{},"name":"line","ID":"518","label":null,"isConstructed":"false","type":"UnknownType","theNameHistory":["line","line","this"],"nameFixed":"true"}},"UniqueMsgCount":"0","Statics":{"edu.umd.cs.findbugs.config.CommandLine":{"isStatic":"true","theFields":{},"name":"Unnamed 26","ID":"110","label":"<static>:edu.umd.cs.findbugs.config.CommandLine","isConstructed":"false","type":"edu.umd.cs.findbugs.config.CommandLine","theNameHistory":["$31"],"nameFixed":"true"}},"Messages":[{"specifier":null,"finalLevel":"0","calleeID":"514","answer":null,"callLevel":"0","isSuper":"false","mnemonic":null,"callerID":"110","message":"readLine","isConstruction":"false","fullMethodName":"java.io.BufferedReader.readLine()"},{"specifier":"0","finalLevel":"0","calleeID":"518","answer":null,"callLevel":"0","isSuper":"false","mnemonic":null,"callerID":"110","message":"trim","isConstruction":"false","fullMethodName":"java.lang.String.trim()"},{"specifier":"0","finalLevel":"0","calleeID":"521","answer":null,"callLevel":"0","isSuper":"false","mnemonic":null,"callerID":"110","message":"equals","isConstruction":"false","fullMethodName":"java.lang.String.equals(java.lang.Object)"},{"specifier":"0","finalLevel":"0","calleeID":"524","answer":null,"callLevel":"0","isSuper":"false","mnemonic":null,"callerID":"110","message":"length","isConstruction":"false","fullMethodName":"java.lang.String.length()"},{"specifier":"0","finalLevel":"0","calleeID":"524","answer":null,"callLevel":"0","isSuper":"false","mnemonic":null,"callerID":"110","message":"split","isConstruction":"false","fullMethodName":"java.lang.String.split(java.lang.String)"},{"specifier":"0","finalLevel":"0","calleeID":"513","answer":null,"callLevel":"0","isSuper":"false","mnemonic":null,"callerID":"110","message":"add","isConstruction":"false","fullMethodName":"java.util.ArrayList.add(java.lang.Object)"}],"TotalMsgsInGroup":"0","MaxDepth":"0","Priority":"0","Name":"addCommandLineO22.pdf"}