{"Instances":{"671":{"isStatic":"false","theFields":{},"name":"line","ID":"671","label":null,"isConstructed":"false","type":"UnknownType","theNameHistory":["line","line"],"nameFixed":"true"},"666":{"isStatic":"false","theFields":{},"name":"resultList","ID":"666","label":null,"isConstructed":"false","type":"java.util.ArrayList","theNameHistory":["","resultList"],"nameFixed":"true"},"667":{"isStatic":"false","theFields":{},"name":"reader","ID":"667","label":null,"isConstructed":"false","type":"java.io.BufferedReader","theNameHistory":["","reader","this"],"nameFixed":"true"},"668":{"isStatic":"false","theFields":{},"name":"ignoreComments","ID":"668","label":null,"isConstructed":"false","type":"boolean","theNameHistory":["","ignoreComments"],"nameFixed":"true"},"669":{"isStatic":"false","theFields":{},"name":"ignoreBlankLines","ID":"669","label":null,"isConstructed":"false","type":"boolean","theNameHistory":["","ignoreBlankLines"],"nameFixed":"true"}},"UniqueMsgCount":"0","Statics":{"edu.umd.cs.findbugs.config.CommandLine":{"isStatic":"true","theFields":{},"name":"Unnamed 38","ID":"110","label":"<static>:edu.umd.cs.findbugs.config.CommandLine","isConstructed":"false","type":"edu.umd.cs.findbugs.config.CommandLine","theNameHistory":["$31"],"nameFixed":"true"}},"Messages":[{"specifier":null,"finalLevel":"0","calleeID":"667","answer":null,"callLevel":"0","isSuper":"false","mnemonic":null,"callerID":"110","message":"readLine","isConstruction":"false","fullMethodName":"java.io.BufferedReader.readLine()"}],"TotalMsgsInGroup":"0","MaxDepth":"0","Priority":"0","Name":"addCommandLineO31.pdf"}