{"Instances":{"694":{"isStatic":"false","theFields":{},"name":"Unnamed 98","ID":"694","label":null,"isConstructed":"true","type":"java.lang.StringBuilder","theNameHistory":["","$r4","this","this"],"nameFixed":"true"},"683":{"isStatic":"false","theFields":{},"name":"Unnamed 100","ID":"683","label":null,"isConstructed":"false","type":"java.util.List","theNameHistory":["","$r0","this"],"nameFixed":"true"},"686":{"isStatic":"false","theFields":{},"name":"i$","ID":"686","label":null,"isConstructed":"false","type":"java.util.Iterator","theNameHistory":["i$","this","this"],"nameFixed":"true"},"699":{"isStatic":"false","theFields":{},"name":"Unnamed 101","ID":"699","label":null,"isConstructed":"false","type":"java.lang.StringBuilder","theNameHistory":["$r4_1","this"],"nameFixed":"true"},"679":{"isStatic":"false","theFields":{"unlistedOptions":"705","optionList":"683","optionGroups":"690"},"name":"Unnamed 99","ID":"679","label":null,"isConstructed":"false","type":"edu.umd.cs.findbugs.config.CommandLine","theNameHistory":["$193","this","this"],"nameFixed":"true"},"701":{"isStatic":"false","theFields":{},"name":"Unnamed 102","ID":"701","label":null,"isConstructed":"false","type":"java.lang.StringBuilder","theNameHistory":["$r4_2","this"],"nameFixed":"true"},"703":{"isStatic":"false","theFields":{},"name":"out","ID":"703","label":null,"isConstructed":"false","type":"java.io.PrintStream","theNameHistory":["out","this"],"nameFixed":"true"},"705":{"isStatic":"false","theFields":{},"name":"Unnamed 96","ID":"705","label":null,"isConstructed":"false","type":"java.util.Set","theNameHistory":["","$r10","this"],"nameFixed":"true"},"690":{"isStatic":"false","theFields":{},"name":"Unnamed 97","ID":"690","label":null,"isConstructed":"false","type":"java.util.Map","theNameHistory":["","$r2","this","$r5","this"],"nameFixed":"true"},"680":{"isStatic":"false","theFields":{},"name":"os","ID":"680","label":null,"isConstructed":"false","type":"java.io.OutputStream","theNameHistory":["","os","this"],"nameFixed":"true"}},"UniqueMsgCount":"0","Statics":{"java.lang.Integer":{"isStatic":"true","theFields":{},"name":"Unnamed 103","ID":"691","label":"<static>:java.lang.Integer","isConstructed":"false","type":"java.lang.Integer","theNameHistory":["$197"],"nameFixed":"true"}},"Messages":[{"specifier":null,"finalLevel":"0","calleeID":"680","answer":null,"callLevel":"0","isSuper":"false","mnemonic":null,"callerID":"679","message":"printStream","isConstruction":"false","fullMethodName":"edu.umd.cs.findbugs.charsets.UTF8.printStream(java.io.OutputStream)"},{"specifier":"0","finalLevel":"0","calleeID":"683","answer":null,"callLevel":"0","isSuper":"false","mnemonic":null,"callerID":"679","message":"iterator","isConstruction":"false","fullMethodName":"java.util.List.iterator()"},{"specifier":"0","finalLevel":"0","calleeID":"686","answer":null,"callLevel":"0","isSuper":"false","mnemonic":null,"callerID":"679","message":"hasNext","isConstruction":"false","fullMethodName":"java.util.Iterator.hasNext()"},{"specifier":"0","finalLevel":"0","calleeID":"686","answer":null,"callLevel":"0","isSuper":"false","mnemonic":null,"callerID":"679","message":"next","isConstruction":"false","fullMethodName":"java.util.Iterator.next()"},{"specifier":"0","finalLevel":"0","calleeID":"691","answer":null,"callLevel":"0","isSuper":"false","mnemonic":null,"callerID":"679","message":"valueOf","isConstruction":"false","fullMethodName":"java.lang.Integer.valueOf(int)"},{"specifier":"0","finalLevel":"0","calleeID":"690","answer":null,"callLevel":"0","isSuper":"false","mnemonic":null,"callerID":"679","message":"containsKey","isConstruction":"false","fullMethodName":"java.util.Map.containsKey(java.lang.Object)"},{"specifier":"0","finalLevel":"0","calleeID":"694","answer":null,"callLevel":"0","isSuper":"false","mnemonic":null,"callerID":"679","message":"new","isConstruction":"true","fullMethodName":"java.lang.StringBuilder.<init>()"},{"specifier":"0","finalLevel":"0","calleeID":"694","answer":null,"callLevel":"0","isSuper":"false","mnemonic":null,"callerID":"679","message":"append","isConstruction":"false","fullMethodName":"java.lang.StringBuilder.append(java.lang.String)"},{"specifier":"0","finalLevel":"0","calleeID":"691","answer":null,"callLevel":"0","isSuper":"false","mnemonic":null,"callerID":"679","message":"valueOf","isConstruction":"false","fullMethodName":"java.lang.Integer.valueOf(int)"},{"specifier":"0","finalLevel":"0","calleeID":"690","answer":null,"callLevel":"0","isSuper":"false","mnemonic":null,"callerID":"679","message":"get","isConstruction":"false","fullMethodName":"java.util.Map.get(java.lang.Object)"},{"specifier":"0","finalLevel":"0","calleeID":"699","answer":null,"callLevel":"0","isSuper":"false","mnemonic":null,"callerID":"679","message":"append","isConstruction":"false","fullMethodName":"java.lang.StringBuilder.append(java.lang.String)"},{"specifier":"0","finalLevel":"0","calleeID":"701","answer":null,"callLevel":"0","isSuper":"false","mnemonic":null,"callerID":"679","message":"toString","isConstruction":"false","fullMethodName":"java.lang.StringBuilder.toString()"},{"specifier":"0","finalLevel":"0","calleeID":"703","answer":null,"callLevel":"0","isSuper":"false","mnemonic":null,"callerID":"679","message":"println","isConstruction":"false","fullMethodName":"java.io.PrintStream.println(java.lang.String)"},{"specifier":"0","finalLevel":"0","calleeID":"705","answer":null,"callLevel":"0","isSuper":"false","mnemonic":null,"callerID":"679","message":"contains","isConstruction":"false","fullMethodName":"java.util.Set.contains(java.lang.Object)"}],"TotalMsgsInGroup":"0","MaxDepth":"0","Priority":"0","Name":"printUsage0.pdf"}