{"Instances":{"980":{"isStatic":"false","theFields":{},"name":"out","ID":"980","label":null,"isConstructed":"false","type":"java.io.PrintStream","theNameHistory":["out","this","this","this"],"nameFixed":"true"},"992":{"isStatic":"false","theFields":{},"name":"Unnamed 180","ID":"992","label":null,"isConstructed":"false","type":"int","theNameHistory":["","$i0"],"nameFixed":"true"},"981":{"isStatic":"false","theFields":{},"name":"buf","ID":"981","label":null,"isConstructed":"true","type":"java.lang.StringBuilder","theNameHistory":["","$r11","this","buf","this","this","this","this","this"],"nameFixed":"true"},"982":{"isStatic":"false","theFields":{},"name":"Unnamed 186","ID":"982","label":null,"isConstructed":"false","type":"java.util.Map","theNameHistory":["","$r2_1","this"],"nameFixed":"true"},"994":{"isStatic":"false","theFields":{},"name":"Unnamed 181","ID":"994","label":null,"isConstructed":"false","type":"java.util.Map","theNameHistory":["","$r12_1","this"],"nameFixed":"true"},"973":{"isStatic":"false","theFields":{},"name":"Unnamed 184","ID":"973","label":null,"isConstructed":"false","type":"java.util.Map","theNameHistory":["","$r2","this"],"nameFixed":"true"},"963":{"isStatic":"false","theFields":{},"name":"os","ID":"963","label":null,"isConstructed":"false","type":"java.io.OutputStream","theNameHistory":["","os","this"],"nameFixed":"true"},"986":{"isStatic":"false","theFields":{},"name":"Unnamed 187","ID":"986","label":null,"isConstructed":"false","type":"java.util.Set","theNameHistory":["","$r10_1","this"],"nameFixed":"true"},"679":{"isStatic":"false","theFields":{"optionDescriptionMap":"994","requiresArgumentSet":"986","unlistedOptions":"978","optionExtraPartSynopsisMap":"982","optionList":"966","optionGroups":"973","argumentDescriptionMap":"988","maxWidth":"992"},"name":"Unnamed 183","ID":"679","label":null,"isConstructed":"false","type":"edu.umd.cs.findbugs.config.CommandLine","theNameHistory":["$193","this","this"],"nameFixed":"true"},"966":{"isStatic":"false","theFields":{},"name":"Unnamed 182","ID":"966","label":null,"isConstructed":"false","type":"java.util.List","theNameHistory":["","$r0","this"],"nameFixed":"true"},"988":{"isStatic":"false","theFields":{},"name":"Unnamed 188","ID":"988","label":null,"isConstructed":"false","type":"java.util.Map","theNameHistory":["","$r12","this"],"nameFixed":"true"},"978":{"isStatic":"false","theFields":{},"name":"Unnamed 185","ID":"978","label":null,"isConstructed":"false","type":"java.util.Set","theNameHistory":["","$r10","this"],"nameFixed":"true"},"969":{"isStatic":"false","theFields":{},"name":"i$","ID":"969","label":null,"isConstructed":"false","type":"java.util.Iterator","theNameHistory":["i$","this","this"],"nameFixed":"true"}},"UniqueMsgCount":"0","Statics":{"java.lang.Integer":{"isStatic":"true","theFields":{},"name":"Unnamed 189","ID":"974","label":"<static>:java.lang.Integer","isConstructed":"false","type":"java.lang.Integer","theNameHistory":["$273"],"nameFixed":"true"}},"Messages":[{"specifier":null,"finalLevel":"0","calleeID":"963","answer":null,"callLevel":"0","isSuper":"false","mnemonic":null,"callerID":"679","message":"printStream","isConstruction":"false","fullMethodName":"edu.umd.cs.findbugs.charsets.UTF8.printStream(java.io.OutputStream)"},{"specifier":"0","finalLevel":"0","calleeID":"966","answer":null,"callLevel":"0","isSuper":"false","mnemonic":null,"callerID":"679","message":"iterator","isConstruction":"false","fullMethodName":"java.util.List.iterator()"},{"specifier":"0","finalLevel":"0","calleeID":"969","answer":null,"callLevel":"0","isSuper":"false","mnemonic":null,"callerID":"679","message":"hasNext","isConstruction":"false","fullMethodName":"java.util.Iterator.hasNext()"},{"specifier":"0","finalLevel":"0","calleeID":"969","answer":null,"callLevel":"0","isSuper":"false","mnemonic":null,"callerID":"679","message":"next","isConstruction":"false","fullMethodName":"java.util.Iterator.next()"},{"specifier":"0","finalLevel":"0","calleeID":"974","answer":null,"callLevel":"0","isSuper":"false","mnemonic":null,"callerID":"679","message":"valueOf","isConstruction":"false","fullMethodName":"java.lang.Integer.valueOf(int)"},{"specifier":"0","finalLevel":"0","calleeID":"973","answer":null,"callLevel":"0","isSuper":"false","mnemonic":null,"callerID":"679","message":"containsKey","isConstruction":"false","fullMethodName":"java.util.Map.containsKey(java.lang.Object)"},{"specifier":"0","finalLevel":"0","calleeID":"978","answer":null,"callLevel":"0","isSuper":"false","mnemonic":null,"callerID":"679","message":"contains","isConstruction":"false","fullMethodName":"java.util.Set.contains(java.lang.Object)"},{"specifier":"0","finalLevel":"0","calleeID":"980","answer":null,"callLevel":"0","isSuper":"false","mnemonic":null,"callerID":"679","message":"print","isConstruction":"false","fullMethodName":"java.io.PrintStream.print(java.lang.String)"},{"specifier":"0","finalLevel":"0","calleeID":"981","answer":null,"callLevel":"0","isSuper":"false","mnemonic":null,"callerID":"679","message":"new","isConstruction":"true","fullMethodName":"java.lang.StringBuilder.<init>()"},{"specifier":"0","finalLevel":"0","calleeID":"981","answer":null,"callLevel":"0","isSuper":"false","mnemonic":null,"callerID":"679","message":"append","isConstruction":"false","fullMethodName":"java.lang.StringBuilder.append(java.lang.String)"},{"specifier":"0","finalLevel":"0","calleeID":"982","answer":null,"callLevel":"0","isSuper":"false","mnemonic":null,"callerID":"679","message":"get","isConstruction":"false","fullMethodName":"java.util.Map.get(java.lang.Object)"},{"specifier":"0","finalLevel":"0","calleeID":"986","answer":null,"callLevel":"0","isSuper":"false","mnemonic":null,"callerID":"679","message":"contains","isConstruction":"false","fullMethodName":"java.util.Set.contains(java.lang.Object)"},{"specifier":"0","finalLevel":"0","calleeID":"981","answer":null,"callLevel":"0","isSuper":"false","mnemonic":null,"callerID":"679","message":"append","isConstruction":"false","fullMethodName":"java.lang.StringBuilder.append(java.lang.String)"},{"specifier":"0","finalLevel":"0","calleeID":"988","answer":null,"callLevel":"0","isSuper":"false","mnemonic":null,"callerID":"679","message":"get","isConstruction":"false","fullMethodName":"java.util.Map.get(java.lang.Object)"},{"specifier":"0","finalLevel":"0","calleeID":"981","answer":null,"callLevel":"0","isSuper":"false","mnemonic":null,"callerID":"679","message":"append","isConstruction":"false","fullMethodName":"java.lang.StringBuilder.append(java.lang.String)"},{"specifier":"0","finalLevel":"0","calleeID":"981","answer":null,"callLevel":"0","isSuper":"false","mnemonic":null,"callerID":"679","message":"append","isConstruction":"false","fullMethodName":"java.lang.StringBuilder.append(java.lang.String)"},{"specifier":"0","finalLevel":"0","calleeID":"981","answer":null,"callLevel":"0","isSuper":"false","mnemonic":null,"callerID":"679","message":"toString","isConstruction":"false","fullMethodName":"java.lang.StringBuilder.toString()"},{"specifier":"0","finalLevel":"0","calleeID":"980","answer":null,"callLevel":"0","isSuper":"false","mnemonic":null,"callerID":"679","message":"printField","isConstruction":"false","fullMethodName":"edu.umd.cs.findbugs.config.CommandLine.printField(java.io.PrintStream,java.lang.String,int)"},{"specifier":"0","finalLevel":"0","calleeID":"994","answer":null,"callLevel":"0","isSuper":"false","mnemonic":null,"callerID":"679","message":"get","isConstruction":"false","fullMethodName":"java.util.Map.get(java.lang.Object)"},{"specifier":"0","finalLevel":"0","calleeID":"980","answer":null,"callLevel":"0","isSuper":"false","mnemonic":null,"callerID":"679","message":"println","isConstruction":"false","fullMethodName":"java.io.PrintStream.println(java.lang.String)"}],"TotalMsgsInGroup":"0","MaxDepth":"0","Priority":"0","Name":"printUsage8.pdf"}