{"Instances":{"14":{"isStatic":"false","theFields":{"projectLoadedFromFile":"20","project":"19"},"name":"Unnamed 92","ID":"14","label":null,"isConstructed":"false","type":"edu.umd.cs.findbugs.FindBugsCommandLine","theNameHistory":["$8","this","this"],"nameFixed":"true"},"15":{"isStatic":"false","theFields":{},"name":"arg","ID":"15","label":null,"isConstructed":"false","type":"java.lang.String","theNameHistory":["","arg","this"],"nameFixed":"true"},"17":{"isStatic":"false","theFields":{},"name":"Unnamed 91","ID":"17","label":null,"isConstructed":"false","type":"edu.umd.cs.findbugs.Project","theNameHistory":["","$r0","this"],"nameFixed":"true"},"19":{"isStatic":"false","theFields":{},"name":"newProject","ID":"19","label":null,"isConstructed":"false","type":"edu.umd.cs.findbugs.Project","theNameHistory":["newProject","this"],"nameFixed":"true"}},"UniqueMsgCount":"0","Statics":{},"Messages":[{"specifier":null,"finalLevel":"0","calleeID":"15","answer":null,"callLevel":"0","isSuper":"false","mnemonic":null,"callerID":"14","message":"readProject","isConstruction":"false","fullMethodName":"edu.umd.cs.findbugs.Project.readProject(java.lang.String)"},{"specifier":"0","finalLevel":"0","calleeID":"17","answer":null,"callLevel":"0","isSuper":"false","mnemonic":null,"callerID":"14","message":"getConfiguration","isConstruction":"false","fullMethodName":"edu.umd.cs.findbugs.Project.getConfiguration()"},{"specifier":"0","finalLevel":"0","calleeID":"19","answer":null,"callLevel":"0","isSuper":"false","mnemonic":null,"callerID":"14","message":"setConfiguration","isConstruction":"false","fullMethodName":"edu.umd.cs.findbugs.Project.setConfiguration(edu.umd.cs.findbugs.config.UserPreferences)"}],"TotalMsgsInGroup":"0","MaxDepth":"0","Priority":"0","Name":"loadProject0.pdf"}