{"Instances":{"641":{"isStatic":"false","theFields":{},"name":"line","ID":"641","label":null,"isConstructed":"false","type":"UnknownType","theNameHistory":["line","line","this"],"nameFixed":"true"},"644":{"isStatic":"false","theFields":{},"name":"line_1","ID":"644","label":null,"isConstructed":"false","type":"java.lang.String","theNameHistory":["line_1","this","this"],"nameFixed":"true"},"636":{"isStatic":"false","theFields":{},"name":"resultList","ID":"636","label":null,"isConstructed":"false","type":"java.util.ArrayList","theNameHistory":["","resultList","this"],"nameFixed":"true"},"637":{"isStatic":"false","theFields":{},"name":"reader","ID":"637","label":null,"isConstructed":"false","type":"java.io.BufferedReader","theNameHistory":["","reader","this"],"nameFixed":"true"},"638":{"isStatic":"false","theFields":{},"name":"ignoreComments","ID":"638","label":null,"isConstructed":"false","type":"boolean","theNameHistory":["","ignoreComments"],"nameFixed":"true"},"639":{"isStatic":"false","theFields":{},"name":"ignoreBlankLines","ID":"639","label":null,"isConstructed":"false","type":"boolean","theNameHistory":["","ignoreBlankLines"],"nameFixed":"true"}},"UniqueMsgCount":"0","Statics":{"edu.umd.cs.findbugs.config.CommandLine":{"isStatic":"true","theFields":{},"name":"Unnamed 34","ID":"110","label":"<static>:edu.umd.cs.findbugs.config.CommandLine","isConstructed":"false","type":"edu.umd.cs.findbugs.config.CommandLine","theNameHistory":["$31"],"nameFixed":"true"}},"Messages":[{"specifier":null,"finalLevel":"0","calleeID":"637","answer":null,"callLevel":"0","isSuper":"false","mnemonic":null,"callerID":"110","message":"readLine","isConstruction":"false","fullMethodName":"java.io.BufferedReader.readLine()"},{"specifier":"0","finalLevel":"0","calleeID":"641","answer":null,"callLevel":"0","isSuper":"false","mnemonic":null,"callerID":"110","message":"trim","isConstruction":"false","fullMethodName":"java.lang.String.trim()"},{"specifier":"0","finalLevel":"0","calleeID":"644","answer":null,"callLevel":"0","isSuper":"false","mnemonic":null,"callerID":"110","message":"length","isConstruction":"false","fullMethodName":"java.lang.String.length()"},{"specifier":"0","finalLevel":"0","calleeID":"644","answer":null,"callLevel":"0","isSuper":"false","mnemonic":null,"callerID":"110","message":"split","isConstruction":"false","fullMethodName":"java.lang.String.split(java.lang.String)"},{"specifier":"0","finalLevel":"0","calleeID":"636","answer":null,"callLevel":"0","isSuper":"false","mnemonic":null,"callerID":"110","message":"add","isConstruction":"false","fullMethodName":"java.util.ArrayList.add(java.lang.Object)"}],"TotalMsgsInGroup":"0","MaxDepth":"0","Priority":"0","Name":"addCommandLineO29.pdf"}