{"Instances":{"55":{"isStatic":"false","theFields":{"optionDescriptionMap":"73","optionExtraPartSynopsisMap":"72","optionList":"71","maxWidth":"78"},"name":"Unnamed 78","ID":"55","label":null,"isConstructed":"false","type":"edu.umd.cs.findbugs.config.CommandLine","theNameHistory":["$18","this","this"],"nameFixed":"true"},"78":{"isStatic":"false","theFields":{},"name":"Unnamed 82","ID":"78","label":null,"isConstructed":"false","type":"int","theNameHistory":["","$i1_1"],"nameFixed":"true"},"68":{"isStatic":"false","theFields":{},"name":"option","ID":"68","label":null,"isConstructed":"false","type":"java.lang.String","theNameHistory":["","option","@parameter0","@parameter0","@parameter0","this"],"nameFixed":"true"},"69":{"isStatic":"false","theFields":{},"name":"optionExtraPartSynopsis","ID":"69","label":null,"isConstructed":"false","type":"java.lang.String","theNameHistory":["","optionExtraPartSynopsis","@parameter1","this"],"nameFixed":"true"},"70":{"isStatic":"false","theFields":{},"name":"description","ID":"70","label":null,"isConstructed":"false","type":"java.lang.String","theNameHistory":["","description","@parameter1"],"nameFixed":"true"},"71":{"isStatic":"false","theFields":{},"name":"Unnamed 79","ID":"71","label":null,"isConstructed":"false","type":"java.util.List","theNameHistory":["","$r0","this"],"nameFixed":"true"},"72":{"isStatic":"false","theFields":{},"name":"Unnamed 80","ID":"72","label":null,"isConstructed":"false","type":"java.util.Map","theNameHistory":["","$r1","this"],"nameFixed":"true"},"73":{"isStatic":"false","theFields":{},"name":"Unnamed 81","ID":"73","label":null,"isConstructed":"false","type":"java.util.Map","theNameHistory":["","$r1_1","this"],"nameFixed":"true"}},"UniqueMsgCount":"0","Statics":{},"Messages":[{"specifier":null,"finalLevel":"0","calleeID":"71","answer":null,"callLevel":"0","isSuper":"false","mnemonic":null,"callerID":"55","message":"add","isConstruction":"false","fullMethodName":"java.util.List.add(java.lang.Object)"},{"specifier":"0","finalLevel":"0","calleeID":"72","answer":null,"callLevel":"0","isSuper":"false","mnemonic":null,"callerID":"55","message":"put","isConstruction":"false","fullMethodName":"java.util.Map.put(java.lang.Object,java.lang.Object)"},{"specifier":"0","finalLevel":"0","calleeID":"73","answer":null,"callLevel":"0","isSuper":"false","mnemonic":null,"callerID":"55","message":"put","isConstruction":"false","fullMethodName":"java.util.Map.put(java.lang.Object,java.lang.Object)"},{"specifier":"0","finalLevel":"0","calleeID":"68","answer":null,"callLevel":"0","isSuper":"false","mnemonic":null,"callerID":"55","message":"length","isConstruction":"false","fullMethodName":"java.lang.String.length()"},{"specifier":"0","finalLevel":"0","calleeID":"69","answer":null,"callLevel":"0","isSuper":"false","mnemonic":null,"callerID":"55","message":"length","isConstruction":"false","fullMethodName":"java.lang.String.length()"}],"TotalMsgsInGroup":"0","MaxDepth":"0","Priority":"0","Name":"addSwitchWithOp1.pdf"}