{"Instances":{"48":{"isStatic":"false","theFields":{},"name":"option","ID":"48","label":null,"isConstructed":"false","type":"java.lang.String","theNameHistory":["","option","@parameter0","@parameter0","this"],"nameFixed":"true"},"49":{"isStatic":"false","theFields":{},"name":"description","ID":"49","label":null,"isConstructed":"false","type":"java.lang.String","theNameHistory":["","description","@parameter1"],"nameFixed":"true"},"38":{"isStatic":"false","theFields":{"optionDescriptionMap":"51","optionList":"50","maxWidth":"53"},"name":"Unnamed 71","ID":"38","label":null,"isConstructed":"false","type":"edu.umd.cs.findbugs.config.CommandLine","theNameHistory":["$15","this","this"],"nameFixed":"true"},"50":{"isStatic":"false","theFields":{},"name":"Unnamed 68","ID":"50","label":null,"isConstructed":"false","type":"java.util.List","theNameHistory":["","$r0","this"],"nameFixed":"true"},"51":{"isStatic":"false","theFields":{},"name":"Unnamed 69","ID":"51","label":null,"isConstructed":"false","type":"java.util.Map","theNameHistory":["","$r1","this"],"nameFixed":"true"},"53":{"isStatic":"false","theFields":{},"name":"Unnamed 70","ID":"53","label":null,"isConstructed":"false","type":"int","theNameHistory":["","$i1"],"nameFixed":"true"}},"UniqueMsgCount":"0","Statics":{},"Messages":[{"specifier":null,"finalLevel":"0","calleeID":"50","answer":null,"callLevel":"0","isSuper":"false","mnemonic":null,"callerID":"38","message":"add","isConstruction":"false","fullMethodName":"java.util.List.add(java.lang.Object)"},{"specifier":"0","finalLevel":"0","calleeID":"51","answer":null,"callLevel":"0","isSuper":"false","mnemonic":null,"callerID":"38","message":"put","isConstruction":"false","fullMethodName":"java.util.Map.put(java.lang.Object,java.lang.Object)"},{"specifier":"0","finalLevel":"0","calleeID":"48","answer":null,"callLevel":"0","isSuper":"false","mnemonic":null,"callerID":"38","message":"length","isConstruction":"false","fullMethodName":"java.lang.String.length()"}],"TotalMsgsInGroup":"0","MaxDepth":"0","Priority":"0","Name":"addSwitch1.pdf"}