{"Instances":{"673":{"isStatic":"false","theFields":{},"name":"Unnamed 95","ID":"673","label":null,"isConstructed":"false","type":"edu.umd.cs.findbugs.config.CommandLine","theNameHistory":["$189","this","this","this"],"nameFixed":"true"},"674":{"isStatic":"false","theFields":{},"name":"argv","ID":"674","label":null,"isConstructed":"false","type":"java.lang.String[]","theNameHistory":["","argv","@parameter0"],"nameFixed":"true"}},"UniqueMsgCount":"0","Statics":{},"Messages":[{"specifier":null,"finalLevel":"0","calleeID":"673","answer":null,"callLevel":"0","isSuper":"false","mnemonic":null,"callerID":"673","message":"parse","isConstruction":"false","fullMethodName":"edu.umd.cs.findbugs.config.CommandLine.parse(java.lang.String[],boolean)"}],"TotalMsgsInGroup":"0","MaxDepth":"0","Priority":"0","Name":"parse0.pdf"}