{"Instances":{"401":{"isStatic":"false","theFields":{},"name":"resultList","ID":"401","label":null,"isConstructed":"false","type":"java.util.ArrayList","theNameHistory":["","resultList"],"nameFixed":"true"},"402":{"isStatic":"false","theFields":{},"name":"reader","ID":"402","label":null,"isConstructed":"false","type":"java.io.BufferedReader","theNameHistory":["","reader","this"],"nameFixed":"true"},"403":{"isStatic":"false","theFields":{},"name":"ignoreComments","ID":"403","label":null,"isConstructed":"false","type":"boolean","theNameHistory":["","ignoreComments"],"nameFixed":"true"},"404":{"isStatic":"false","theFields":{},"name":"ignoreBlankLines","ID":"404","label":null,"isConstructed":"false","type":"boolean","theNameHistory":["","ignoreBlankLines"],"nameFixed":"true"},"406":{"isStatic":"false","theFields":{},"name":"line","ID":"406","label":null,"isConstructed":"false","type":"UnknownType","theNameHistory":["line","line","this"],"nameFixed":"true"},"409":{"isStatic":"false","theFields":{},"name":"Unnamed 11","ID":"409","label":null,"isConstructed":"false","type":"java.lang.String","theNameHistory":["$r0_1","this"],"nameFixed":"true"}},"UniqueMsgCount":"0","Statics":{"edu.umd.cs.findbugs.config.CommandLine":{"isStatic":"true","theFields":{},"name":"Unnamed 12","ID":"110","label":"<static>:edu.umd.cs.findbugs.config.CommandLine","isConstructed":"false","type":"edu.umd.cs.findbugs.config.CommandLine","theNameHistory":["$31"],"nameFixed":"true"}},"Messages":[{"specifier":null,"finalLevel":"0","calleeID":"402","answer":null,"callLevel":"0","isSuper":"false","mnemonic":null,"callerID":"110","message":"readLine","isConstruction":"false","fullMethodName":"java.io.BufferedReader.readLine()"},{"specifier":"0","finalLevel":"0","calleeID":"406","answer":null,"callLevel":"0","isSuper":"false","mnemonic":null,"callerID":"110","message":"trim","isConstruction":"false","fullMethodName":"java.lang.String.trim()"},{"specifier":"0","finalLevel":"0","calleeID":"409","answer":null,"callLevel":"0","isSuper":"false","mnemonic":null,"callerID":"110","message":"equals","isConstruction":"false","fullMethodName":"java.lang.String.equals(java.lang.Object)"}],"TotalMsgsInGroup":"0","MaxDepth":"0","Priority":"0","Name":"addCommandLineO16.pdf"}