{"Instances":{"79":{"isStatic":"false","theFields":{"optionDescriptionMap":"84","requiresArgumentSet":"85","optionList":"83","argumentDescriptionMap":"86","maxWidth":"92"},"name":"Unnamed 56","ID":"79","label":null,"isConstructed":"false","type":"edu.umd.cs.findbugs.config.CommandLine","theNameHistory":["$23","this","this"],"nameFixed":"true"},"80":{"isStatic":"false","theFields":{},"name":"option","ID":"80","label":null,"isConstructed":"false","type":"java.lang.String","theNameHistory":["","option","@parameter0","@parameter0","@parameter0","@parameter0","this"],"nameFixed":"true"},"91":{"isStatic":"false","theFields":{},"name":"Unnamed 54","ID":"91","label":null,"isConstructed":"false","type":"int","theNameHistory":["","$i1_1"],"nameFixed":"true"},"81":{"isStatic":"false","theFields":{},"name":"argumentDesc","ID":"81","label":null,"isConstructed":"false","type":"java.lang.String","theNameHistory":["","argumentDesc","@parameter1","this"],"nameFixed":"true"},"92":{"isStatic":"false","theFields":{},"name":"Unnamed 55","ID":"92","label":null,"isConstructed":"false","type":"UnknownType","theNameHistory":["$23.maxWidth"],"nameFixed":"true"},"82":{"isStatic":"false","theFields":{},"name":"description","ID":"82","label":null,"isConstructed":"false","type":"java.lang.String","theNameHistory":["","description","@parameter1"],"nameFixed":"true"},"83":{"isStatic":"false","theFields":{},"name":"Unnamed 50","ID":"83","label":null,"isConstructed":"false","type":"java.util.List","theNameHistory":["","$r0","this"],"nameFixed":"true"},"84":{"isStatic":"false","theFields":{},"name":"Unnamed 51","ID":"84","label":null,"isConstructed":"false","type":"java.util.Map","theNameHistory":["","$r1","this"],"nameFixed":"true"},"85":{"isStatic":"false","theFields":{},"name":"Unnamed 52","ID":"85","label":null,"isConstructed":"false","type":"java.util.Set","theNameHistory":["","$r3","this"],"nameFixed":"true"},"86":{"isStatic":"false","theFields":{},"name":"Unnamed 53","ID":"86","label":null,"isConstructed":"false","type":"java.util.Map","theNameHistory":["","$r1_1","this"],"nameFixed":"true"}},"UniqueMsgCount":"0","Statics":{},"Messages":[{"specifier":null,"finalLevel":"0","calleeID":"83","answer":null,"callLevel":"0","isSuper":"false","mnemonic":null,"callerID":"79","message":"add","isConstruction":"false","fullMethodName":"java.util.List.add(java.lang.Object)"},{"specifier":"0","finalLevel":"0","calleeID":"84","answer":null,"callLevel":"0","isSuper":"false","mnemonic":null,"callerID":"79","message":"put","isConstruction":"false","fullMethodName":"java.util.Map.put(java.lang.Object,java.lang.Object)"},{"specifier":"0","finalLevel":"0","calleeID":"85","answer":null,"callLevel":"0","isSuper":"false","mnemonic":null,"callerID":"79","message":"add","isConstruction":"false","fullMethodName":"java.util.Set.add(java.lang.Object)"},{"specifier":"0","finalLevel":"0","calleeID":"86","answer":null,"callLevel":"0","isSuper":"false","mnemonic":null,"callerID":"79","message":"put","isConstruction":"false","fullMethodName":"java.util.Map.put(java.lang.Object,java.lang.Object)"},{"specifier":"0","finalLevel":"0","calleeID":"80","answer":null,"callLevel":"0","isSuper":"false","mnemonic":null,"callerID":"79","message":"length","isConstruction":"false","fullMethodName":"java.lang.String.length()"},{"specifier":"0","finalLevel":"0","calleeID":"81","answer":null,"callLevel":"0","isSuper":"false","mnemonic":null,"callerID":"79","message":"length","isConstruction":"false","fullMethodName":"java.lang.String.length()"}],"TotalMsgsInGroup":"0","MaxDepth":"0","Priority":"0","Name":"addOption0.pdf"}