{"Instances":{"1028":{"isStatic":"false","theFields":{},"name":"os","ID":"1028","label":null,"isConstructed":"false","type":"java.io.OutputStream","theNameHistory":["","os","this"],"nameFixed":"true"},"1036":{"isStatic":"false","theFields":{},"name":"out","ID":"1036","label":null,"isConstructed":"false","type":"java.io.PrintStream","theNameHistory":["out","this"],"nameFixed":"true"},"1034":{"isStatic":"false","theFields":{},"name":"i$","ID":"1034","label":null,"isConstructed":"false","type":"java.util.Iterator","theNameHistory":["i$","this"],"nameFixed":"true"},"679":{"isStatic":"false","theFields":{"optionList":"1031"},"name":"Unnamed 117","ID":"679","label":null,"isConstructed":"false","type":"edu.umd.cs.findbugs.config.CommandLine","theNameHistory":["$193","this","this"],"nameFixed":"true"},"1031":{"isStatic":"false","theFields":{},"name":"Unnamed 118","ID":"1031","label":null,"isConstructed":"false","type":"java.util.List","theNameHistory":["","$r0","this"],"nameFixed":"true"}},"UniqueMsgCount":"0","Statics":{},"Messages":[{"specifier":null,"finalLevel":"0","calleeID":"1028","answer":null,"callLevel":"0","isSuper":"false","mnemonic":null,"callerID":"679","message":"printStream","isConstruction":"false","fullMethodName":"edu.umd.cs.findbugs.charsets.UTF8.printStream(java.io.OutputStream)"},{"specifier":"0","finalLevel":"0","calleeID":"1031","answer":null,"callLevel":"0","isSuper":"false","mnemonic":null,"callerID":"679","message":"iterator","isConstruction":"false","fullMethodName":"java.util.List.iterator()"},{"specifier":"0","finalLevel":"0","calleeID":"1034","answer":null,"callLevel":"0","isSuper":"false","mnemonic":null,"callerID":"679","message":"hasNext","isConstruction":"false","fullMethodName":"java.util.Iterator.hasNext()"},{"specifier":"0","finalLevel":"0","calleeID":"1036","answer":null,"callLevel":"0","isSuper":"false","mnemonic":null,"callerID":"679","message":"flush","isConstruction":"false","fullMethodName":"java.io.PrintStream.flush()"}],"TotalMsgsInGroup":"0","MaxDepth":"0","Priority":"0","Name":"printUsage10.pdf"}