{"Instances":{"33":{"isStatic":"false","theFields":{},"name":"Unnamed 199","ID":"33","label":null,"isConstructed":"false","type":"java.util.Map","theNameHistory":["","$r0","this"],"nameFixed":"true"},"34":{"isStatic":"false","theFields":{},"name":"Unnamed 200","ID":"34","label":null,"isConstructed":"false","type":"java.util.List","theNameHistory":["","$r1","this"],"nameFixed":"true"},"31":{"isStatic":"false","theFields":{"optionList":"34","optionGroups":"33"},"name":"Unnamed 201","ID":"31","label":null,"isConstructed":"false","type":"edu.umd.cs.findbugs.config.CommandLine","theNameHistory":["$13","this","this"],"nameFixed":"true"},"32":{"isStatic":"false","theFields":{},"name":"description","ID":"32","label":null,"isConstructed":"false","type":"java.lang.String","theNameHistory":["","description","@parameter1"],"nameFixed":"true"}},"UniqueMsgCount":"0","Statics":{"java.lang.Integer":{"isStatic":"true","theFields":{},"name":"Unnamed 202","ID":"36","label":"<static>:java.lang.Integer","isConstructed":"false","type":"java.lang.Integer","theNameHistory":["$14"],"nameFixed":"true"}},"Messages":[{"specifier":null,"finalLevel":"0","calleeID":"34","answer":null,"callLevel":"0","isSuper":"false","mnemonic":null,"callerID":"31","message":"size","isConstruction":"false","fullMethodName":"java.util.List.size()"},{"specifier":"0","finalLevel":"0","calleeID":"36","answer":null,"callLevel":"0","isSuper":"false","mnemonic":null,"callerID":"31","message":"valueOf","isConstruction":"false","fullMethodName":"java.lang.Integer.valueOf(int)"},{"specifier":"0","finalLevel":"0","calleeID":"33","answer":null,"callLevel":"0","isSuper":"false","mnemonic":null,"callerID":"31","message":"put","isConstruction":"false","fullMethodName":"java.util.Map.put(java.lang.Object,java.lang.Object)"}],"TotalMsgsInGroup":"0","MaxDepth":"0","Priority":"0","Name":"startOptionGrou0.pdf"}