{"Instances":{"550":{"isStatic":"false","theFields":{},"name":"reader","ID":"550","label":null,"isConstructed":"false","type":"java.io.BufferedReader","theNameHistory":["","reader","this"],"nameFixed":"true"},"551":{"isStatic":"false","theFields":{},"name":"ignoreComments","ID":"551","label":null,"isConstructed":"false","type":"boolean","theNameHistory":["","ignoreComments"],"nameFixed":"true"},"552":{"isStatic":"false","theFields":{},"name":"ignoreBlankLines","ID":"552","label":null,"isConstructed":"false","type":"boolean","theNameHistory":["","ignoreBlankLines"],"nameFixed":"true"},"554":{"isStatic":"false","theFields":{},"name":"line","ID":"554","label":null,"isConstructed":"false","type":"UnknownType","theNameHistory":["line","line","this"],"nameFixed":"true"},"557":{"isStatic":"false","theFields":{},"name":"line_1","ID":"557","label":null,"isConstructed":"false","type":"java.lang.String","theNameHistory":["line_1","this","this","this","this","this","this"],"nameFixed":"true"},"549":{"isStatic":"false","theFields":{},"name":"resultList","ID":"549","label":null,"isConstructed":"false","type":"java.util.ArrayList","theNameHistory":["","resultList","this"],"nameFixed":"true"}},"UniqueMsgCount":"0","Statics":{"edu.umd.cs.findbugs.config.CommandLine":{"isStatic":"true","theFields":{},"name":"Unnamed 29","ID":"110","label":"<static>:edu.umd.cs.findbugs.config.CommandLine","isConstructed":"false","type":"edu.umd.cs.findbugs.config.CommandLine","theNameHistory":["$31"],"nameFixed":"true"}},"Messages":[{"specifier":null,"finalLevel":"0","calleeID":"550","answer":null,"callLevel":"0","isSuper":"false","mnemonic":null,"callerID":"110","message":"readLine","isConstruction":"false","fullMethodName":"java.io.BufferedReader.readLine()"},{"specifier":"0","finalLevel":"0","calleeID":"554","answer":null,"callLevel":"0","isSuper":"false","mnemonic":null,"callerID":"110","message":"trim","isConstruction":"false","fullMethodName":"java.lang.String.trim()"},{"specifier":"0","finalLevel":"0","calleeID":"557","answer":null,"callLevel":"0","isSuper":"false","mnemonic":null,"callerID":"110","message":"length","isConstruction":"false","fullMethodName":"java.lang.String.length()"},{"specifier":"0","finalLevel":"0","calleeID":"557","answer":null,"callLevel":"0","isSuper":"false","mnemonic":null,"callerID":"110","message":"charAt","isConstruction":"false","fullMethodName":"java.lang.String.charAt(int)"},{"specifier":"0","finalLevel":"0","calleeID":"557","answer":null,"callLevel":"0","isSuper":"false","mnemonic":null,"callerID":"110","message":"length","isConstruction":"false","fullMethodName":"java.lang.String.length()"},{"specifier":"0","finalLevel":"0","calleeID":"557","answer":null,"callLevel":"0","isSuper":"false","mnemonic":null,"callerID":"110","message":"charAt","isConstruction":"false","fullMethodName":"java.lang.String.charAt(int)"},{"specifier":"0","finalLevel":"0","calleeID":"557","answer":null,"callLevel":"0","isSuper":"false","mnemonic":null,"callerID":"110","message":"length","isConstruction":"false","fullMethodName":"java.lang.String.length()"},{"specifier":"0","finalLevel":"0","calleeID":"557","answer":null,"callLevel":"0","isSuper":"false","mnemonic":null,"callerID":"110","message":"substring","isConstruction":"false","fullMethodName":"java.lang.String.substring(int,int)"},{"specifier":"0","finalLevel":"0","calleeID":"549","answer":null,"callLevel":"0","isSuper":"false","mnemonic":null,"callerID":"110","message":"add","isConstruction":"false","fullMethodName":"java.util.ArrayList.add(java.lang.Object)"}],"TotalMsgsInGroup":"0","MaxDepth":"0","Priority":"0","Name":"addCommandLineO24.pdf"}