{"Instances":{"44":{"isStatic":"false","theFields":{},"name":"Unnamed 66","ID":"44","label":null,"isConstructed":"false","type":"int","theNameHistory":["","$i1"],"nameFixed":"true"},"46":{"isStatic":"false","theFields":{},"name":"Unnamed 67","ID":"46","label":null,"isConstructed":"false","type":"UnknownType","theNameHistory":["$15.maxWidth"],"nameFixed":"true"},"38":{"isStatic":"false","theFields":{"optionDescriptionMap":"42","optionList":"41","maxWidth":"46"},"name":"Unnamed 63","ID":"38","label":null,"isConstructed":"false","type":"edu.umd.cs.findbugs.config.CommandLine","theNameHistory":["$15","this","this"],"nameFixed":"true"},"39":{"isStatic":"false","theFields":{},"name":"option","ID":"39","label":null,"isConstructed":"false","type":"java.lang.String","theNameHistory":["","option","@parameter0","@parameter0","this","this"],"nameFixed":"true"},"40":{"isStatic":"false","theFields":{},"name":"description","ID":"40","label":null,"isConstructed":"false","type":"java.lang.String","theNameHistory":["","description","@parameter1"],"nameFixed":"true"},"41":{"isStatic":"false","theFields":{},"name":"Unnamed 64","ID":"41","label":null,"isConstructed":"false","type":"java.util.List","theNameHistory":["","$r0","this"],"nameFixed":"true"},"42":{"isStatic":"false","theFields":{},"name":"Unnamed 65","ID":"42","label":null,"isConstructed":"false","type":"java.util.Map","theNameHistory":["","$r1","this"],"nameFixed":"true"}},"UniqueMsgCount":"0","Statics":{},"Messages":[{"specifier":null,"finalLevel":"0","calleeID":"41","answer":null,"callLevel":"0","isSuper":"false","mnemonic":null,"callerID":"38","message":"add","isConstruction":"false","fullMethodName":"java.util.List.add(java.lang.Object)"},{"specifier":"0","finalLevel":"0","calleeID":"42","answer":null,"callLevel":"0","isSuper":"false","mnemonic":null,"callerID":"38","message":"put","isConstruction":"false","fullMethodName":"java.util.Map.put(java.lang.Object,java.lang.Object)"},{"specifier":"0","finalLevel":"0","calleeID":"39","answer":null,"callLevel":"0","isSuper":"false","mnemonic":null,"callerID":"38","message":"length","isConstruction":"false","fullMethodName":"java.lang.String.length()"},{"specifier":"0","finalLevel":"0","calleeID":"39","answer":null,"callLevel":"0","isSuper":"false","mnemonic":null,"callerID":"38","message":"length","isConstruction":"false","fullMethodName":"java.lang.String.length()"}],"TotalMsgsInGroup":"0","MaxDepth":"0","Priority":"0","Name":"addSwitch0.pdf"}