{"Instances":{"1007":{"isStatic":"false","theFields":{},"name":"Unnamed 196","ID":"1007","label":null,"isConstructed":"false","type":"java.util.Map","theNameHistory":["","$r2","this"],"nameFixed":"true"},"1016":{"isStatic":"false","theFields":{},"name":"Unnamed 193","ID":"1016","label":null,"isConstructed":"false","type":"java.util.Map","theNameHistory":["","$r2_1","this"],"nameFixed":"true"},"1015":{"isStatic":"false","theFields":{},"name":"buf","ID":"1015","label":null,"isConstructed":"true","type":"java.lang.StringBuilder","theNameHistory":["","$r11","this","buf","this","this"],"nameFixed":"true"},"1025":{"isStatic":"false","theFields":{},"name":"Unnamed 190","ID":"1025","label":null,"isConstructed":"false","type":"java.util.Map","theNameHistory":["","$r12_1","this"],"nameFixed":"true"},"1014":{"isStatic":"false","theFields":{},"name":"out","ID":"1014","label":null,"isConstructed":"false","type":"java.io.PrintStream","theNameHistory":["out","this","this","this"],"nameFixed":"true"},"1003":{"isStatic":"false","theFields":{},"name":"i$","ID":"1003","label":null,"isConstructed":"false","type":"java.util.Iterator","theNameHistory":["i$","this","this"],"nameFixed":"true"},"1012":{"isStatic":"false","theFields":{},"name":"Unnamed 191","ID":"1012","label":null,"isConstructed":"false","type":"java.util.Set","theNameHistory":["","$r10","this"],"nameFixed":"true"},"997":{"isStatic":"false","theFields":{},"name":"os","ID":"997","label":null,"isConstructed":"false","type":"java.io.OutputStream","theNameHistory":["","os","this"],"nameFixed":"true"},"1023":{"isStatic":"false","theFields":{},"name":"Unnamed 197","ID":"1023","label":null,"isConstructed":"false","type":"int","theNameHistory":["","$i0"],"nameFixed":"true"},"679":{"isStatic":"false","theFields":{"optionDescriptionMap":"1025","requiresArgumentSet":"1020","unlistedOptions":"1012","optionExtraPartSynopsisMap":"1016","optionList":"1000","optionGroups":"1007","maxWidth":"1023"},"name":"Unnamed 192","ID":"679","label":null,"isConstructed":"false","type":"edu.umd.cs.findbugs.config.CommandLine","theNameHistory":["$193","this","this"],"nameFixed":"true"},"1000":{"isStatic":"false","theFields":{},"name":"Unnamed 194","ID":"1000","label":null,"isConstructed":"false","type":"java.util.List","theNameHistory":["","$r0","this"],"nameFixed":"true"},"1020":{"isStatic":"false","theFields":{},"name":"Unnamed 195","ID":"1020","label":null,"isConstructed":"false","type":"java.util.Set","theNameHistory":["","$r10_1","this"],"nameFixed":"true"}},"UniqueMsgCount":"0","Statics":{"java.lang.Integer":{"isStatic":"true","theFields":{},"name":"Unnamed 198","ID":"1008","label":"<static>:java.lang.Integer","isConstructed":"false","type":"java.lang.Integer","theNameHistory":["$283"],"nameFixed":"true"}},"Messages":[{"specifier":null,"finalLevel":"0","calleeID":"997","answer":null,"callLevel":"0","isSuper":"false","mnemonic":null,"callerID":"679","message":"printStream","isConstruction":"false","fullMethodName":"edu.umd.cs.findbugs.charsets.UTF8.printStream(java.io.OutputStream)"},{"specifier":"0","finalLevel":"0","calleeID":"1000","answer":null,"callLevel":"0","isSuper":"false","mnemonic":null,"callerID":"679","message":"iterator","isConstruction":"false","fullMethodName":"java.util.List.iterator()"},{"specifier":"0","finalLevel":"0","calleeID":"1003","answer":null,"callLevel":"0","isSuper":"false","mnemonic":null,"callerID":"679","message":"hasNext","isConstruction":"false","fullMethodName":"java.util.Iterator.hasNext()"},{"specifier":"0","finalLevel":"0","calleeID":"1003","answer":null,"callLevel":"0","isSuper":"false","mnemonic":null,"callerID":"679","message":"next","isConstruction":"false","fullMethodName":"java.util.Iterator.next()"},{"specifier":"0","finalLevel":"0","calleeID":"1008","answer":null,"callLevel":"0","isSuper":"false","mnemonic":null,"callerID":"679","message":"valueOf","isConstruction":"false","fullMethodName":"java.lang.Integer.valueOf(int)"},{"specifier":"0","finalLevel":"0","calleeID":"1007","answer":null,"callLevel":"0","isSuper":"false","mnemonic":null,"callerID":"679","message":"containsKey","isConstruction":"false","fullMethodName":"java.util.Map.containsKey(java.lang.Object)"},{"specifier":"0","finalLevel":"0","calleeID":"1012","answer":null,"callLevel":"0","isSuper":"false","mnemonic":null,"callerID":"679","message":"contains","isConstruction":"false","fullMethodName":"java.util.Set.contains(java.lang.Object)"},{"specifier":"0","finalLevel":"0","calleeID":"1014","answer":null,"callLevel":"0","isSuper":"false","mnemonic":null,"callerID":"679","message":"print","isConstruction":"false","fullMethodName":"java.io.PrintStream.print(java.lang.String)"},{"specifier":"0","finalLevel":"0","calleeID":"1015","answer":null,"callLevel":"0","isSuper":"false","mnemonic":null,"callerID":"679","message":"new","isConstruction":"true","fullMethodName":"java.lang.StringBuilder.<init>()"},{"specifier":"0","finalLevel":"0","calleeID":"1015","answer":null,"callLevel":"0","isSuper":"false","mnemonic":null,"callerID":"679","message":"append","isConstruction":"false","fullMethodName":"java.lang.StringBuilder.append(java.lang.String)"},{"specifier":"0","finalLevel":"0","calleeID":"1016","answer":null,"callLevel":"0","isSuper":"false","mnemonic":null,"callerID":"679","message":"get","isConstruction":"false","fullMethodName":"java.util.Map.get(java.lang.Object)"},{"specifier":"0","finalLevel":"0","calleeID":"1020","answer":null,"callLevel":"0","isSuper":"false","mnemonic":null,"callerID":"679","message":"contains","isConstruction":"false","fullMethodName":"java.util.Set.contains(java.lang.Object)"},{"specifier":"0","finalLevel":"0","calleeID":"1015","answer":null,"callLevel":"0","isSuper":"false","mnemonic":null,"callerID":"679","message":"toString","isConstruction":"false","fullMethodName":"java.lang.StringBuilder.toString()"},{"specifier":"0","finalLevel":"0","calleeID":"1014","answer":null,"callLevel":"0","isSuper":"false","mnemonic":null,"callerID":"679","message":"printField","isConstruction":"false","fullMethodName":"edu.umd.cs.findbugs.config.CommandLine.printField(java.io.PrintStream,java.lang.String,int)"},{"specifier":"0","finalLevel":"0","calleeID":"1025","answer":null,"callLevel":"0","isSuper":"false","mnemonic":null,"callerID":"679","message":"get","isConstruction":"false","fullMethodName":"java.util.Map.get(java.lang.Object)"},{"specifier":"0","finalLevel":"0","calleeID":"1014","answer":null,"callLevel":"0","isSuper":"false","mnemonic":null,"callerID":"679","message":"println","isConstruction":"false","fullMethodName":"java.io.PrintStream.println(java.lang.String)"}],"TotalMsgsInGroup":"0","MaxDepth":"0","Priority":"0","Name":"printUsage9.pdf"}