{"Instances":{"99":{"isStatic":"false","theFields":{},"name":"Unnamed 60","ID":"99","label":null,"isConstructed":"false","type":"java.util.Map","theNameHistory":["","$r1_1","this"],"nameFixed":"true"},"79":{"isStatic":"false","theFields":{"optionDescriptionMap":"97","requiresArgumentSet":"98","optionList":"96","argumentDescriptionMap":"99","maxWidth":"104"},"name":"Unnamed 62","ID":"79","label":null,"isConstructed":"false","type":"edu.umd.cs.findbugs.config.CommandLine","theNameHistory":["$23","this","this"],"nameFixed":"true"},"104":{"isStatic":"false","theFields":{},"name":"Unnamed 61","ID":"104","label":null,"isConstructed":"false","type":"int","theNameHistory":["","$i1_1"],"nameFixed":"true"},"93":{"isStatic":"false","theFields":{},"name":"option","ID":"93","label":null,"isConstructed":"false","type":"java.lang.String","theNameHistory":["","option","@parameter0","@parameter0","@parameter0","@parameter0","this"],"nameFixed":"true"},"94":{"isStatic":"false","theFields":{},"name":"argumentDesc","ID":"94","label":null,"isConstructed":"false","type":"java.lang.String","theNameHistory":["","argumentDesc","@parameter1","this"],"nameFixed":"true"},"95":{"isStatic":"false","theFields":{},"name":"description","ID":"95","label":null,"isConstructed":"false","type":"java.lang.String","theNameHistory":["","description","@parameter1"],"nameFixed":"true"},"96":{"isStatic":"false","theFields":{},"name":"Unnamed 57","ID":"96","label":null,"isConstructed":"false","type":"java.util.List","theNameHistory":["","$r0","this"],"nameFixed":"true"},"97":{"isStatic":"false","theFields":{},"name":"Unnamed 58","ID":"97","label":null,"isConstructed":"false","type":"java.util.Map","theNameHistory":["","$r1","this"],"nameFixed":"true"},"98":{"isStatic":"false","theFields":{},"name":"Unnamed 59","ID":"98","label":null,"isConstructed":"false","type":"java.util.Set","theNameHistory":["","$r3","this"],"nameFixed":"true"}},"UniqueMsgCount":"0","Statics":{},"Messages":[{"specifier":null,"finalLevel":"0","calleeID":"96","answer":null,"callLevel":"0","isSuper":"false","mnemonic":null,"callerID":"79","message":"add","isConstruction":"false","fullMethodName":"java.util.List.add(java.lang.Object)"},{"specifier":"0","finalLevel":"0","calleeID":"97","answer":null,"callLevel":"0","isSuper":"false","mnemonic":null,"callerID":"79","message":"put","isConstruction":"false","fullMethodName":"java.util.Map.put(java.lang.Object,java.lang.Object)"},{"specifier":"0","finalLevel":"0","calleeID":"98","answer":null,"callLevel":"0","isSuper":"false","mnemonic":null,"callerID":"79","message":"add","isConstruction":"false","fullMethodName":"java.util.Set.add(java.lang.Object)"},{"specifier":"0","finalLevel":"0","calleeID":"99","answer":null,"callLevel":"0","isSuper":"false","mnemonic":null,"callerID":"79","message":"put","isConstruction":"false","fullMethodName":"java.util.Map.put(java.lang.Object,java.lang.Object)"},{"specifier":"0","finalLevel":"0","calleeID":"93","answer":null,"callLevel":"0","isSuper":"false","mnemonic":null,"callerID":"79","message":"length","isConstruction":"false","fullMethodName":"java.lang.String.length()"},{"specifier":"0","finalLevel":"0","calleeID":"94","answer":null,"callLevel":"0","isSuper":"false","mnemonic":null,"callerID":"79","message":"length","isConstruction":"false","fullMethodName":"java.lang.String.length()"}],"TotalMsgsInGroup":"0","MaxDepth":"0","Priority":"0","Name":"addOption1.pdf"}