{"Instances":{"741":{"isStatic":"false","theFields":{},"name":"Unnamed 104","ID":"741","label":null,"isConstructed":"false","type":"java.util.Set","theNameHistory":["","$r10_1","this"],"nameFixed":"true"},"730":{"isStatic":"false","theFields":{},"name":"out","ID":"730","label":null,"isConstructed":"false","type":"java.io.PrintStream","theNameHistory":["out","this","this","this","this"],"nameFixed":"true"},"710":{"isStatic":"false","theFields":{},"name":"Unnamed 105","ID":"710","label":null,"isConstructed":"false","type":"java.util.List","theNameHistory":["","$r0","this"],"nameFixed":"true"},"743":{"isStatic":"false","theFields":{},"name":"Unnamed 106","ID":"743","label":null,"isConstructed":"false","type":"java.util.Map","theNameHistory":["","$r12","this"],"nameFixed":"true"},"721":{"isStatic":"false","theFields":{},"name":"Unnamed 111","ID":"721","label":null,"isConstructed":"true","type":"java.lang.StringBuilder","theNameHistory":["","$r4","this","this"],"nameFixed":"true"},"732":{"isStatic":"false","theFields":{},"name":"Unnamed 114","ID":"732","label":null,"isConstructed":"false","type":"java.util.Set","theNameHistory":["","$r10","this"],"nameFixed":"true"},"679":{"isStatic":"false","theFields":{"optionDescriptionMap":"749","requiresArgumentSet":"741","unlistedOptions":"732","optionExtraPartSynopsisMap":"735","optionList":"710","optionGroups":"717","argumentDescriptionMap":"743","maxWidth":"747"},"name":"Unnamed 107","ID":"679","label":null,"isConstructed":"false","type":"edu.umd.cs.findbugs.config.CommandLine","theNameHistory":["$193","this","this"],"nameFixed":"true"},"734":{"isStatic":"false","theFields":{},"name":"buf","ID":"734","label":null,"isConstructed":"true","type":"java.lang.StringBuilder","theNameHistory":["","$r11","this","buf","this","this","this","this","this","this","this","this"],"nameFixed":"true"},"713":{"isStatic":"false","theFields":{},"name":"i$","ID":"713","label":null,"isConstructed":"false","type":"java.util.Iterator","theNameHistory":["i$","this","this"],"nameFixed":"true"},"735":{"isStatic":"false","theFields":{},"name":"Unnamed 115","ID":"735","label":null,"isConstructed":"false","type":"java.util.Map","theNameHistory":["","$r2_1","this","$r2_2","this"],"nameFixed":"true"},"747":{"isStatic":"false","theFields":{},"name":"Unnamed 108","ID":"747","label":null,"isConstructed":"false","type":"int","theNameHistory":["","$i0"],"nameFixed":"true"},"726":{"isStatic":"false","theFields":{},"name":"Unnamed 112","ID":"726","label":null,"isConstructed":"false","type":"java.lang.StringBuilder","theNameHistory":["$r4_1","this"],"nameFixed":"true"},"749":{"isStatic":"false","theFields":{},"name":"Unnamed 109","ID":"749","label":null,"isConstructed":"false","type":"java.util.Map","theNameHistory":["","$r12_1","this"],"nameFixed":"true"},"717":{"isStatic":"false","theFields":{},"name":"Unnamed 110","ID":"717","label":null,"isConstructed":"false","type":"java.util.Map","theNameHistory":["","$r2","this","$r5","this"],"nameFixed":"true"},"728":{"isStatic":"false","theFields":{},"name":"Unnamed 113","ID":"728","label":null,"isConstructed":"false","type":"java.lang.StringBuilder","theNameHistory":["$r4_2","this"],"nameFixed":"true"},"707":{"isStatic":"false","theFields":{},"name":"os","ID":"707","label":null,"isConstructed":"false","type":"java.io.OutputStream","theNameHistory":["","os","this"],"nameFixed":"true"}},"UniqueMsgCount":"0","Statics":{"java.lang.Integer":{"isStatic":"true","theFields":{},"name":"Unnamed 116","ID":"718","label":"<static>:java.lang.Integer","isConstructed":"false","type":"java.lang.Integer","theNameHistory":["$203"],"nameFixed":"true"}},"Messages":[{"specifier":null,"finalLevel":"0","calleeID":"707","answer":null,"callLevel":"0","isSuper":"false","mnemonic":null,"callerID":"679","message":"printStream","isConstruction":"false","fullMethodName":"edu.umd.cs.findbugs.charsets.UTF8.printStream(java.io.OutputStream)"},{"specifier":"0","finalLevel":"0","calleeID":"710","answer":null,"callLevel":"0","isSuper":"false","mnemonic":null,"callerID":"679","message":"iterator","isConstruction":"false","fullMethodName":"java.util.List.iterator()"},{"specifier":"0","finalLevel":"0","calleeID":"713","answer":null,"callLevel":"0","isSuper":"false","mnemonic":null,"callerID":"679","message":"hasNext","isConstruction":"false","fullMethodName":"java.util.Iterator.hasNext()"},{"specifier":"0","finalLevel":"0","calleeID":"713","answer":null,"callLevel":"0","isSuper":"false","mnemonic":null,"callerID":"679","message":"next","isConstruction":"false","fullMethodName":"java.util.Iterator.next()"},{"specifier":"0","finalLevel":"0","calleeID":"718","answer":null,"callLevel":"0","isSuper":"false","mnemonic":null,"callerID":"679","message":"valueOf","isConstruction":"false","fullMethodName":"java.lang.Integer.valueOf(int)"},{"specifier":"0","finalLevel":"0","calleeID":"717","answer":null,"callLevel":"0","isSuper":"false","mnemonic":null,"callerID":"679","message":"containsKey","isConstruction":"false","fullMethodName":"java.util.Map.containsKey(java.lang.Object)"},{"specifier":"0","finalLevel":"0","calleeID":"721","answer":null,"callLevel":"0","isSuper":"false","mnemonic":null,"callerID":"679","message":"new","isConstruction":"true","fullMethodName":"java.lang.StringBuilder.<init>()"},{"specifier":"0","finalLevel":"0","calleeID":"721","answer":null,"callLevel":"0","isSuper":"false","mnemonic":null,"callerID":"679","message":"append","isConstruction":"false","fullMethodName":"java.lang.StringBuilder.append(java.lang.String)"},{"specifier":"0","finalLevel":"0","calleeID":"718","answer":null,"callLevel":"0","isSuper":"false","mnemonic":null,"callerID":"679","message":"valueOf","isConstruction":"false","fullMethodName":"java.lang.Integer.valueOf(int)"},{"specifier":"0","finalLevel":"0","calleeID":"717","answer":null,"callLevel":"0","isSuper":"false","mnemonic":null,"callerID":"679","message":"get","isConstruction":"false","fullMethodName":"java.util.Map.get(java.lang.Object)"},{"specifier":"0","finalLevel":"0","calleeID":"726","answer":null,"callLevel":"0","isSuper":"false","mnemonic":null,"callerID":"679","message":"append","isConstruction":"false","fullMethodName":"java.lang.StringBuilder.append(java.lang.String)"},{"specifier":"0","finalLevel":"0","calleeID":"728","answer":null,"callLevel":"0","isSuper":"false","mnemonic":null,"callerID":"679","message":"toString","isConstruction":"false","fullMethodName":"java.lang.StringBuilder.toString()"},{"specifier":"0","finalLevel":"0","calleeID":"730","answer":null,"callLevel":"0","isSuper":"false","mnemonic":null,"callerID":"679","message":"println","isConstruction":"false","fullMethodName":"java.io.PrintStream.println(java.lang.String)"},{"specifier":"0","finalLevel":"0","calleeID":"732","answer":null,"callLevel":"0","isSuper":"false","mnemonic":null,"callerID":"679","message":"contains","isConstruction":"false","fullMethodName":"java.util.Set.contains(java.lang.Object)"},{"specifier":"0","finalLevel":"0","calleeID":"730","answer":null,"callLevel":"0","isSuper":"false","mnemonic":null,"callerID":"679","message":"print","isConstruction":"false","fullMethodName":"java.io.PrintStream.print(java.lang.String)"},{"specifier":"0","finalLevel":"0","calleeID":"734","answer":null,"callLevel":"0","isSuper":"false","mnemonic":null,"callerID":"679","message":"new","isConstruction":"true","fullMethodName":"java.lang.StringBuilder.<init>()"},{"specifier":"0","finalLevel":"0","calleeID":"734","answer":null,"callLevel":"0","isSuper":"false","mnemonic":null,"callerID":"679","message":"append","isConstruction":"false","fullMethodName":"java.lang.StringBuilder.append(java.lang.String)"},{"specifier":"0","finalLevel":"0","calleeID":"735","answer":null,"callLevel":"0","isSuper":"false","mnemonic":null,"callerID":"679","message":"get","isConstruction":"false","fullMethodName":"java.util.Map.get(java.lang.Object)"},{"specifier":"0","finalLevel":"0","calleeID":"735","answer":null,"callLevel":"0","isSuper":"false","mnemonic":null,"callerID":"679","message":"get","isConstruction":"false","fullMethodName":"java.util.Map.get(java.lang.Object)"},{"specifier":"0","finalLevel":"0","calleeID":"734","answer":null,"callLevel":"0","isSuper":"false","mnemonic":null,"callerID":"679","message":"append","isConstruction":"false","fullMethodName":"java.lang.StringBuilder.append(java.lang.String)"},{"specifier":"0","finalLevel":"0","calleeID":"734","answer":null,"callLevel":"0","isSuper":"false","mnemonic":null,"callerID":"679","message":"append","isConstruction":"false","fullMethodName":"java.lang.StringBuilder.append(java.lang.String)"},{"specifier":"0","finalLevel":"0","calleeID":"734","answer":null,"callLevel":"0","isSuper":"false","mnemonic":null,"callerID":"679","message":"append","isConstruction":"false","fullMethodName":"java.lang.StringBuilder.append(java.lang.String)"},{"specifier":"0","finalLevel":"0","calleeID":"741","answer":null,"callLevel":"0","isSuper":"false","mnemonic":null,"callerID":"679","message":"contains","isConstruction":"false","fullMethodName":"java.util.Set.contains(java.lang.Object)"},{"specifier":"0","finalLevel":"0","calleeID":"734","answer":null,"callLevel":"0","isSuper":"false","mnemonic":null,"callerID":"679","message":"append","isConstruction":"false","fullMethodName":"java.lang.StringBuilder.append(java.lang.String)"},{"specifier":"0","finalLevel":"0","calleeID":"743","answer":null,"callLevel":"0","isSuper":"false","mnemonic":null,"callerID":"679","message":"get","isConstruction":"false","fullMethodName":"java.util.Map.get(java.lang.Object)"},{"specifier":"0","finalLevel":"0","calleeID":"734","answer":null,"callLevel":"0","isSuper":"false","mnemonic":null,"callerID":"679","message":"append","isConstruction":"false","fullMethodName":"java.lang.StringBuilder.append(java.lang.String)"},{"specifier":"0","finalLevel":"0","calleeID":"734","answer":null,"callLevel":"0","isSuper":"false","mnemonic":null,"callerID":"679","message":"append","isConstruction":"false","fullMethodName":"java.lang.StringBuilder.append(java.lang.String)"},{"specifier":"0","finalLevel":"0","calleeID":"734","answer":null,"callLevel":"0","isSuper":"false","mnemonic":null,"callerID":"679","message":"toString","isConstruction":"false","fullMethodName":"java.lang.StringBuilder.toString()"},{"specifier":"0","finalLevel":"0","calleeID":"730","answer":null,"callLevel":"0","isSuper":"false","mnemonic":null,"callerID":"679","message":"printField","isConstruction":"false","fullMethodName":"edu.umd.cs.findbugs.config.CommandLine.printField(java.io.PrintStream,java.lang.String,int)"},{"specifier":"0","finalLevel":"0","calleeID":"749","answer":null,"callLevel":"0","isSuper":"false","mnemonic":null,"callerID":"679","message":"get","isConstruction":"false","fullMethodName":"java.util.Map.get(java.lang.Object)"},{"specifier":"0","finalLevel":"0","calleeID":"730","answer":null,"callLevel":"0","isSuper":"false","mnemonic":null,"callerID":"679","message":"println","isConstruction":"false","fullMethodName":"java.io.PrintStream.println(java.lang.String)"}],"TotalMsgsInGroup":"0","MaxDepth":"0","Priority":"0","Name":"printUsage1.pdf"}